log started: Thu Apr 16 21:00:11 2026

Log file: ./leap.log
>> # ----- NOTE: this is designed for PDB format 3!
>> #       Uses ff99bsc0_chiOL3 for RNA
>> #       	(ff99): Wang et al. J. Comp. Chem. 21: 1049, 2000
>> #       	(bsc0): Perez et al. Biophys J. 92: 3817, 2007
>> #       	(chiOL3): Zgarbova et al. JCTC 7: 2886, 2011
>> #           (note: all of the above are in parm10.dat, loaded below)
>> #
>> #	load atom type hybridizations
>> #
>> addAtomTypes {
>> 	{ "H"   "H" "sp3" }
>> 	{ "HO"  "H" "sp3" }
>> 	{ "HS"  "H" "sp3" }
>> 	{ "H1"  "H" "sp3" }
>> 	{ "H2"  "H" "sp3" }
>> 	{ "H3"  "H" "sp3" }
>> 	{ "H4"  "H" "sp3" }
>> 	{ "H5"  "H" "sp3" }
>> 	{ "HW"  "H" "sp3" }
>> 	{ "HC"  "H" "sp3" }
>> 	{ "HA"  "H" "sp3" }
>> 	{ "HP"  "H" "sp3" }
>> 	{ "HZ"  "H" "sp3" }
>> 	{ "OH"  "O" "sp3" }
>> 	{ "OS"  "O" "sp3" }
>> 	{ "O"   "O" "sp2" }
>> 	{ "O2"  "O" "sp2" }
>> 	{ "OP"  "O" "sp2" }
>> 	{ "OW"  "O" "sp3" }
>> 	{ "CT"  "C" "sp3" }
>> 	{ "CX"  "C" "sp3" }
>> 	{ "CS"  "C" "sp2" }
>> 	{ "C"   "C" "sp2" }
>> 	{ "C*"  "C" "sp2" }
>> 	{ "CA"  "C" "sp2" }
>> 	{ "CB"  "C" "sp2" }
>> 	{ "CC"  "C" "sp2" }
>> 	{ "CN"  "C" "sp2" }
>> 	{ "CM"  "C" "sp2" }
>> 	{ "CK"  "C" "sp2" }
>> 	{ "CQ"  "C" "sp2" }
>> 	{ "CD"  "C" "sp2" }
>> 	{ "C5"  "C" "sp2" }
>> 	{ "C4"  "C" "sp2" }
>> 	{ "CP"  "C" "sp2" }
>> 	{ "CI"  "C" "sp3" }
>> 	{ "CW"  "C" "sp2" }
>> 	{ "CV"  "C" "sp2" }
>> 	{ "CR"  "C" "sp2" }
>> 	{ "CY"  "C" "sp2" }
>> 	{ "C0"  "Ca" "sp3" }
>> 	{ "MG"  "Mg" "sp3" }
>> 	{ "N"   "N" "sp2" }
>> 	{ "NA"  "N" "sp2" }
>> 	{ "N2"  "N" "sp2" }
>> 	{ "N*"  "N" "sp2" }
>> 	{ "NB"  "N" "sp2" }
>> 	{ "NC"  "N" "sp2" }
>> 	{ "NT"  "N" "sp3" }
>> 	{ "NY"  "N" "sp2" }
>> 	{ "N3"  "N" "sp3" }
>> 	{ "S"   "S" "sp3" }
>> 	{ "SH"  "S" "sp3" }
>> 	{ "P"   "P" "sp3" }
>> 	{ "LP"  ""  "sp3" }
>> 	{ "EP"  ""  "sp3" }
>> 	{ "F"   "F" "sp3" }
>> 	{ "Cl"  "Cl" "sp3" }
>> 	{ "Br"  "Br" "sp3" }
>> 	{ "I"   "I"  "sp3" }
>> }
>> #
>> #	Load the main parameter set.
>> #
>> parm10 = loadamberparams parm10.dat
Loading parameters: ${HPC_WORKSPACE}/miniconda3/envs/mdprep/dat/leap/parm/parm10.dat
Reading title:
PARM99 + frcmod.ff99SB + frcmod.parmbsc0 + OL3 for RNA
>> #
>> #	Load main chain and terminating nucleic acids
>> #
>> 
>> loadOff RNA.lib
Loading library: ${HPC_WORKSPACE}/miniconda3/envs/mdprep/dat/leap/lib/RNA.lib
Loading: A
Loading: A3
Loading: A5
Loading: AN
Loading: C
Loading: C3
Loading: C5
Loading: CN
Loading: G
Loading: G3
Loading: G5
Loading: GN
Loading: OHE
Loading: U
Loading: U3
Loading: U5
Loading: UN
>> 
>> #
>> #	Define the PDB name map for the nucleic acids
>> #
>> addPdbResMap {
>>   { 0 "G" "G5"  } { 1 "G" "G3"  } 
>>   { 0 "A" "A5"  } { 1 "A" "A3"  } 
>>   { 0 "C" "C5"  } { 1 "C" "C3"  } 
>>   { 0 "U" "U5"  } { 1 "U" "U3"  } 
>> #  some old Amber residue names for RNA:
>>   { 0  "RA5" "A5" } { 1 "RA3" "A3"} {"RA" "A" }
>>   { 0  "RC5" "C5" } { 1 "RC3" "C3"} {"RC" "C" }
>>   { 0  "RG5" "G5" } { 1 "RG3" "G3"} {"RG" "G" }
>>   { 0  "RU5" "U5" } { 1 "RU3" "U3"} {"RU" "U" }
>> #  uncomment out the following if you have this old style RNA files:
>> # { 0 "GUA" "G5"  } { 1 "GUA" "G3"  } { "GUA" "G" }
>> # { 0 "ADE" "A5"  } { 1 "ADE" "A3"  } { "ADE" "A" }
>> # { 0 "CYT" "C5"  } { 1 "CYT" "C3"  } { "CYT" "C" }
>> # { 0 "URA" "R5"  } { 1 "URA" "R3"  } { "URA" "R" }
>> 
>> }
>> 
>> #  try to be good about reading in really old atom names as well:
>> addPdbAtomMap {
>>   { "O5*" "O5'" }
>>   { "C5*" "C5'" }
>>   { "C4*" "C4'" }
>>   { "O4*" "O4'" }
>>   { "C3*" "C3'" }
>>   { "O3*" "O3'" }
>>   { "C2*" "C2'" }
>>   { "O2*" "O2'" }
>>   { "C1*" "C1'" }
>>   { "C5M" "C7"  }
>>   { "H1*" "H1'" }
>>   { "H2*1" "H2'" }
>>   { "H2*2" "H2''" }
>>   { "H2'1" "H2'" }
>>   { "H2'2" "H2''" }
>>   { "H3*" "H3'" }
>>   { "H4*" "H4'" }
>>   { "H5*1" "H5'" }
>>   { "H5*2" "H5''" }
>>   { "H5'1" "H5'" }
>>   { "H5'2" "H5''" }
>>   { "HO'2" "HO2'" }
>>   { "H5T"  "HO5'" }
>>   { "H3T"  "HO3'" }
>>   { "O1'" "O4'" }
>>   { "OA"  "OP1" }
>>   { "OB"  "OP2" }
>>   { "O1P" "OP1" }
>>   { "O2P" "OP2" }
>>   { "O3P" "OP3" }
>> }
>> 
> 
> source leaprc.water.tip3p
----- Source: ${HPC_WORKSPACE}/miniconda3/envs/mdprep/dat/leap/cmd/leaprc.water.tip3p
----- Source of ${HPC_WORKSPACE}/miniconda3/envs/mdprep/dat/leap/cmd/leaprc.water.tip3p done
>> #
>> #       Load water and ions for TIP3P + Li/Merz monovalent ions 
>> #       + Joung-Chetham monovalent ions
>> #       + Li/Merz highly charged ions (+2 to +4, 12-6 normal usage set)
>> #
>> #       Note: the Li/Merz monovalent set is loaded only to get Tl+,
>> #          Cu+, Ag+ NH4+, H3O+.  Since we load Joung-Cheatham second,
>> #          the alkali halide parameters come from the Joung-Cheatham set
>> #
>> addAtomTypes {
>> 	{ "HW"  "H" "sp3" }
>> 	{ "OW"  "O" "sp3" }
>> 	{ "F-"   "F" "sp3" }
>> 	{ "Cl-"  "Cl" "sp3" }
>> 	{ "Br-"  "Br" "sp3" }
>> 	{ "I-"   "I"  "sp3" }
>> 	{ "Li+"  "Li"  "sp3" }
>> 	{ "Na+"  "Na"  "sp3" }
>> 	{ "K+"  "K"  "sp3" }
>> 	{ "Rb+"  "Rb"  "sp3" }
>> 	{ "Cs+"  "Cs"  "sp3" }
>> 	{ "Mg+"  "Mg"  "sp3" }
>>     { "Tl+"  "Tl"  "sp3" }
>>     { "Cu+"  "Cu"  "sp3" }
>>     { "Ag+"  "Ag"  "sp3" }
>>     { "NH4+"  "N"  "sp3" }
>>     { "H3O+"  "O"  "sp3" }
>>     { "Be2+" "Be"  "sp3" }
>>     { "Cu2+" "Cu"  "sp3" }
>>     { "Ni2+" "Ni"  "sp3" }
>>     { "Pt2+" "Pt"  "sp3" }
>>     { "Zn2+" "Zn"  "sp3" }
>>     { "Co2+" "Co"  "sp3" }
>>     { "Pd2+" "Pd"  "sp3" }
>>     { "Ag2+" "Ag"  "sp3" }
>>     { "Cr2+" "Cr"  "sp3" }
>>     { "Fe2+" "Fe"  "sp3" }
>>     { "Mg2+" "Mg"  "sp3" }
>>     { "V2+"  "V"   "sp3" }
>>     { "Mn2+" "Mn"  "sp3" }
>>     { "Hg2+" "Hg"  "sp3" }
>>     { "Cd2+" "Cd"  "sp3" }
>>     { "Yb2+" "Yb"  "sp3" }
>>     { "Ca2+" "Ca"  "sp3" }
>>     { "Sn2+" "Sn"  "sp3" }
>>     { "Pb2+" "Pb"  "sp3" }
>>     { "Eu2+" "Eu"  "sp3" }
>>     { "Sr2+" "Sr"  "sp3" }
>>     { "Sm2+" "Sm"  "sp3" }
>>     { "Ba2+" "Ba"  "sp3" }
>>     { "Ra2+" "Ra"  "sp3" }
>>     { "Al3+" "Al"  "sp3" }
>>     { "Fe3+" "Fe"  "sp3" }
>>     { "Cr3+" "Cr"  "sp3" }
>>     { "In3+" "In"  "sp3" }
>>     { "Tl3+" "Tl"  "sp3" }
>>     { "Y3+"  "Y"   "sp3" }
>>     { "La3+" "La"  "sp3" }
>>     { "Ce3+" "Ce"  "sp3" }
>>     { "Pr3+" "Pr"  "sp3" }
>>     { "Nd3+" "Nd"  "sp3" }
>>     { "Sm3+" "Sm"  "sp3" }
>>     { "Eu3+" "Eu"  "sp3" }
>>     { "Gd3+" "Gd"  "sp3" }
>>     { "Tb3+" "Tb"  "sp3" }
>>     { "Dy3+" "Dy"  "sp3" }
>>     { "Er3+" "Er"  "sp3" }
>>     { "Tm3+" "Tm"  "sp3" }
>>     { "Lu3+" "Lu"  "sp3" }
>>     { "Hf4+" "Hf"  "sp3" }
>>     { "Zr4+" "Zr"  "sp3" }
>>     { "Ce4+" "Ce"  "sp3" }
>>     { "U4+"  "U"   "sp3" }
>>     { "Pu4+" "Pu"  "sp3" }
>>     { "Th4+" "Th"  "sp3" }
>> }
>> loadOff atomic_ions.lib
Loading library: ${HPC_WORKSPACE}/miniconda3/envs/mdprep/dat/leap/lib/atomic_ions.lib
Loading: AG
Loading: AL
Loading: Ag
Loading: BA
Loading: BR
Loading: Be
Loading: CA
Loading: CD
Loading: CE
Loading: CL
Loading: CO
Loading: CR
Loading: CS
Loading: CU
Loading: CU1
Loading: Ce
Loading: Cl-
Loading: Cr
Loading: Dy
Loading: EU
Loading: EU3
Loading: Er
Loading: F
Loading: FE
Loading: FE2
Loading: GD3
Loading: H3O+
Loading: HE+
Loading: HG
Loading: HZ+
Loading: Hf
Loading: IN
Loading: IOD
Loading: K
Loading: K+
Loading: LA
Loading: LI
Loading: LU
Loading: MG
Loading: MN
Loading: NA
Loading: NH4
Loading: NI
Loading: Na+
Loading: Nd
Loading: PB
Loading: PD
Loading: PR
Loading: PT
Loading: Pu
Loading: RB
Loading: Ra
Loading: SM
Loading: SR
Loading: Sm
Loading: Sn
Loading: TB
Loading: TL
Loading: Th
Loading: Tl
Loading: Tm
Loading: U4+
Loading: V2+
Loading: Y
Loading: YB2
Loading: ZN
Loading: Zr
>> loadOff solvents.lib
Loading library: ${HPC_WORKSPACE}/miniconda3/envs/mdprep/dat/leap/lib/solvents.lib
Loading: CHCL3BOX
Loading: DC4
Loading: FB3
Loading: FB3BOX
Loading: FB4
Loading: FB4BOX
Loading: MEOHBOX
Loading: NMABOX
Loading: O3P
Loading: OP3
Loading: OPC
Loading: OPC3BOX
Loading: OPC3POLBOX
Loading: OPCBOX
Loading: PL3
Loading: POL3BOX
Loading: QSPCFWBOX
Loading: SPC
Loading: SPCBOX
Loading: SPCFWBOX
Loading: SPF
Loading: SPG
Loading: T4E
Loading: TIP3PBOX
Loading: TIP3PFBOX
Loading: TIP4PBOX
Loading: TIP4PEWBOX
Loading: TIP5PBOX
Loading: TP3
Loading: TP4
Loading: TP5
Loading: TPF
>> HOH = TP3
>> WAT = TP3
>> loadAmberParams frcmod.tip3p
Loading parameters: ${HPC_WORKSPACE}/miniconda3/envs/mdprep/dat/leap/parm/frcmod.tip3p
Reading force field modification type file (frcmod)
Reading title:
This is the additional/replacement parameter set for TIP3P water
>> loadAmberParams frcmod.ions1lm_126_tip3p
Loading parameters: ${HPC_WORKSPACE}/miniconda3/envs/mdprep/dat/leap/parm/frcmod.ions1lm_126_tip3p
Reading force field modification type file (frcmod)
Reading title:
Li/Merz ion parameters of monovalent ions for TIP3P water model (12-6 normal usage set)
>> loadAmberParams frcmod.ionsjc_tip3p
Loading parameters: ${HPC_WORKSPACE}/miniconda3/envs/mdprep/dat/leap/parm/frcmod.ionsjc_tip3p
Reading force field modification type file (frcmod)
Reading title:
Monovalent ion parameters for Ewald and TIP3P water from Joung & Cheatham JPCB (2008)
>> loadAmberParams frcmod.ions234lm_126_tip3p
Loading parameters: ${HPC_WORKSPACE}/miniconda3/envs/mdprep/dat/leap/parm/frcmod.ions234lm_126_tip3p
Reading force field modification type file (frcmod)
Reading title:
Li/Merz ion parameters of divalent to tetravalent ions for TIP3P water model (12-6 normal usage set)
>> 
> 
> 
> cof = loadpdb cofactors_gtp_gdp_mg.pdb
Loading PDB file: ./cofactors_gtp_gdp_mg.pdb
 (starting new molecule for chain B)
Matching PDB residue names to LEaP variables.

${HPC_WORKSPACE}/miniconda3/envs/mdprep/bin/teLeap: Warning!
Unknown residue: GTP   number: 0   type: Terminal/beginning
..relaxing end constraints to try for a dbase match

${HPC_WORKSPACE}/miniconda3/envs/mdprep/bin/teLeap: Warning!
  -no luck

${HPC_WORKSPACE}/miniconda3/envs/mdprep/bin/teLeap: Warning!
Unknown residue: GDP   number: 2   type: Terminal/last
..relaxing end constraints to try for a dbase match

${HPC_WORKSPACE}/miniconda3/envs/mdprep/bin/teLeap: Warning!
  -no luck
Creating new UNIT for residue: GTP sequence: 501
Created a new atom named: PG within residue: .R<GTP 501>
Created a new atom named: O1G within residue: .R<GTP 501>
Created a new atom named: O2G within residue: .R<GTP 501>
Created a new atom named: O3G within residue: .R<GTP 501>
Created a new atom named: O3B within residue: .R<GTP 501>
Created a new atom named: PB within residue: .R<GTP 501>
Created a new atom named: O1B within residue: .R<GTP 501>
Created a new atom named: O2B within residue: .R<GTP 501>
Created a new atom named: O3A within residue: .R<GTP 501>
Created a new atom named: PA within residue: .R<GTP 501>
Created a new atom named: O1A within residue: .R<GTP 501>
Created a new atom named: O2A within residue: .R<GTP 501>
Created a new atom named: O5' within residue: .R<GTP 501>
Created a new atom named: C5' within residue: .R<GTP 501>
Created a new atom named: C4' within residue: .R<GTP 501>
Created a new atom named: O4' within residue: .R<GTP 501>
Created a new atom named: C3' within residue: .R<GTP 501>
Created a new atom named: O3' within residue: .R<GTP 501>
Created a new atom named: C2' within residue: .R<GTP 501>
Created a new atom named: O2' within residue: .R<GTP 501>
Created a new atom named: C1' within residue: .R<GTP 501>
Created a new atom named: N9 within residue: .R<GTP 501>
Created a new atom named: C8 within residue: .R<GTP 501>
Created a new atom named: N7 within residue: .R<GTP 501>
Created a new atom named: C5 within residue: .R<GTP 501>
Created a new atom named: C6 within residue: .R<GTP 501>
Created a new atom named: O6 within residue: .R<GTP 501>
Created a new atom named: N1 within residue: .R<GTP 501>
Created a new atom named: C2 within residue: .R<GTP 501>
Created a new atom named: N2 within residue: .R<GTP 501>
Created a new atom named: N3 within residue: .R<GTP 501>
Created a new atom named: C4 within residue: .R<GTP 501>
Starting new chain with MG
Creating new UNIT for residue: GDP sequence: 503
Created a new atom named: PB within residue: .R<GDP 503>
Created a new atom named: O1B within residue: .R<GDP 503>
Created a new atom named: O2B within residue: .R<GDP 503>
Created a new atom named: O3B within residue: .R<GDP 503>
Created a new atom named: O3A within residue: .R<GDP 503>
Created a new atom named: PA within residue: .R<GDP 503>
Created a new atom named: O1A within residue: .R<GDP 503>
Created a new atom named: O2A within residue: .R<GDP 503>
Created a new atom named: O5' within residue: .R<GDP 503>
Created a new atom named: C5' within residue: .R<GDP 503>
Created a new atom named: C4' within residue: .R<GDP 503>
Created a new atom named: O4' within residue: .R<GDP 503>
Created a new atom named: C3' within residue: .R<GDP 503>
Created a new atom named: O3' within residue: .R<GDP 503>
Created a new atom named: C2' within residue: .R<GDP 503>
Created a new atom named: O2' within residue: .R<GDP 503>
Created a new atom named: C1' within residue: .R<GDP 503>
Created a new atom named: N9 within residue: .R<GDP 503>
Created a new atom named: C8 within residue: .R<GDP 503>
Created a new atom named: N7 within residue: .R<GDP 503>
Created a new atom named: C5 within residue: .R<GDP 503>
Created a new atom named: C6 within residue: .R<GDP 503>
Created a new atom named: O6 within residue: .R<GDP 503>
Created a new atom named: N1 within residue: .R<GDP 503>
Created a new atom named: C2 within residue: .R<GDP 503>
Created a new atom named: N2 within residue: .R<GDP 503>
Created a new atom named: N3 within residue: .R<GDP 503>
Created a new atom named: C4 within residue: .R<GDP 503>
  total atoms in file: 61
  The file contained 60 atoms not in residue templates
> check cof
Checking 'cof'....

${HPC_WORKSPACE}/miniconda3/envs/mdprep/bin/teLeap: Warning!
The unperturbed charge of the unit (2.000000) is not zero.
FATAL:  Atom .R<GTP 501>.A<PG 1> does not have a type.
FATAL:  Atom .R<GTP 501>.A<O1G 2> does not have a type.
FATAL:  Atom .R<GTP 501>.A<O2G 3> does not have a type.
FATAL:  Atom .R<GTP 501>.A<O3G 4> does not have a type.
FATAL:  Atom .R<GTP 501>.A<O3B 5> does not have a type.
FATAL:  Atom .R<GTP 501>.A<PB 6> does not have a type.
FATAL:  Atom .R<GTP 501>.A<O1B 7> does not have a type.
FATAL:  Atom .R<GTP 501>.A<O2B 8> does not have a type.
FATAL:  Atom .R<GTP 501>.A<O3A 9> does not have a type.
FATAL:  Atom .R<GTP 501>.A<PA 10> does not have a type.
FATAL:  Atom .R<GTP 501>.A<O1A 11> does not have a type.
FATAL:  Atom .R<GTP 501>.A<O2A 12> does not have a type.
FATAL:  Atom .R<GTP 501>.A<O5' 13> does not have a type.
FATAL:  Atom .R<GTP 501>.A<C5' 14> does not have a type.
FATAL:  Atom .R<GTP 501>.A<C4' 15> does not have a type.
FATAL:  Atom .R<GTP 501>.A<O4' 16> does not have a type.
FATAL:  Atom .R<GTP 501>.A<C3' 17> does not have a type.
FATAL:  Atom .R<GTP 501>.A<O3' 18> does not have a type.
FATAL:  Atom .R<GTP 501>.A<C2' 19> does not have a type.
FATAL:  Atom .R<GTP 501>.A<O2' 20> does not have a type.
FATAL:  Atom .R<GTP 501>.A<C1' 21> does not have a type.
FATAL:  Atom .R<GTP 501>.A<N9 22> does not have a type.
FATAL:  Atom .R<GTP 501>.A<C8 23> does not have a type.
FATAL:  Atom .R<GTP 501>.A<N7 24> does not have a type.
FATAL:  Atom .R<GTP 501>.A<C5 25> does not have a type.
FATAL:  Atom .R<GTP 501>.A<C6 26> does not have a type.
FATAL:  Atom .R<GTP 501>.A<O6 27> does not have a type.
FATAL:  Atom .R<GTP 501>.A<N1 28> does not have a type.
FATAL:  Atom .R<GTP 501>.A<C2 29> does not have a type.
FATAL:  Atom .R<GTP 501>.A<N2 30> does not have a type.
FATAL:  Atom .R<GTP 501>.A<N3 31> does not have a type.
FATAL:  Atom .R<GTP 501>.A<C4 32> does not have a type.
FATAL:  Atom .R<GDP 503>.A<PB 1> does not have a type.
FATAL:  Atom .R<GDP 503>.A<O1B 2> does not have a type.
FATAL:  Atom .R<GDP 503>.A<O2B 3> does not have a type.
FATAL:  Atom .R<GDP 503>.A<O3B 4> does not have a type.
FATAL:  Atom .R<GDP 503>.A<O3A 5> does not have a type.
FATAL:  Atom .R<GDP 503>.A<PA 6> does not have a type.
FATAL:  Atom .R<GDP 503>.A<O1A 7> does not have a type.
FATAL:  Atom .R<GDP 503>.A<O2A 8> does not have a type.
FATAL:  Atom .R<GDP 503>.A<O5' 9> does not have a type.
FATAL:  Atom .R<GDP 503>.A<C5' 10> does not have a type.
FATAL:  Atom .R<GDP 503>.A<C4' 11> does not have a type.
FATAL:  Atom .R<GDP 503>.A<O4' 12> does not have a type.
FATAL:  Atom .R<GDP 503>.A<C3' 13> does not have a type.
FATAL:  Atom .R<GDP 503>.A<O3' 14> does not have a type.
FATAL:  Atom .R<GDP 503>.A<C2' 15> does not have a type.
FATAL:  Atom .R<GDP 503>.A<O2' 16> does not have a type.
FATAL:  Atom .R<GDP 503>.A<C1' 17> does not have a type.
FATAL:  Atom .R<GDP 503>.A<N9 18> does not have a type.
FATAL:  Atom .R<GDP 503>.A<C8 19> does not have a type.
FATAL:  Atom .R<GDP 503>.A<N7 20> does not have a type.
FATAL:  Atom .R<GDP 503>.A<C5 21> does not have a type.
FATAL:  Atom .R<GDP 503>.A<C6 22> does not have a type.
FATAL:  Atom .R<GDP 503>.A<O6 23> does not have a type.
FATAL:  Atom .R<GDP 503>.A<N1 24> does not have a type.
FATAL:  Atom .R<GDP 503>.A<C2 25> does not have a type.
FATAL:  Atom .R<GDP 503>.A<N2 26> does not have a type.
FATAL:  Atom .R<GDP 503>.A<N3 27> does not have a type.
FATAL:  Atom .R<GDP 503>.A<C4 28> does not have a type.

${HPC_WORKSPACE}/miniconda3/envs/mdprep/bin/teLeap: Warning!
Close contact of 1.412 angstroms between nonbonded atoms O5' and C5'
-------  .R<GTP 501>.A<O5' 13> and .R<GTP 501>.A<C5' 14>

${HPC_WORKSPACE}/miniconda3/envs/mdprep/bin/teLeap: Warning!
Close contact of 1.411 angstroms between nonbonded atoms C4' and O4'
-------  .R<GTP 501>.A<C4' 15> and .R<GTP 501>.A<O4' 16>

${HPC_WORKSPACE}/miniconda3/envs/mdprep/bin/teLeap: Warning!
Close contact of 1.412 angstroms between nonbonded atoms O4' and C1'
-------  .R<GTP 501>.A<O4' 16> and .R<GTP 501>.A<C1' 21>

${HPC_WORKSPACE}/miniconda3/envs/mdprep/bin/teLeap: Warning!
Close contact of 1.408 angstroms between nonbonded atoms C3' and O3'
-------  .R<GTP 501>.A<C3' 17> and .R<GTP 501>.A<O3' 18>

${HPC_WORKSPACE}/miniconda3/envs/mdprep/bin/teLeap: Warning!
Close contact of 1.408 angstroms between nonbonded atoms C2' and O2'
-------  .R<GTP 501>.A<C2' 19> and .R<GTP 501>.A<O2' 20>

${HPC_WORKSPACE}/miniconda3/envs/mdprep/bin/teLeap: Warning!
Close contact of 1.474 angstroms between nonbonded atoms C1' and N9
-------  .R<GTP 501>.A<C1' 21> and .R<GTP 501>.A<N9 22>

${HPC_WORKSPACE}/miniconda3/envs/mdprep/bin/teLeap: Warning!
Close contact of 1.370 angstroms between nonbonded atoms N9 and C8
-------  .R<GTP 501>.A<N9 22> and .R<GTP 501>.A<C8 23>

${HPC_WORKSPACE}/miniconda3/envs/mdprep/bin/teLeap: Warning!
Close contact of 1.372 angstroms between nonbonded atoms N9 and C4
-------  .R<GTP 501>.A<N9 22> and .R<GTP 501>.A<C4 32>

${HPC_WORKSPACE}/miniconda3/envs/mdprep/bin/teLeap: Warning!
Close contact of 1.352 angstroms between nonbonded atoms C8 and N7
-------  .R<GTP 501>.A<C8 23> and .R<GTP 501>.A<N7 24>

${HPC_WORKSPACE}/miniconda3/envs/mdprep/bin/teLeap: Warning!
Close contact of 1.351 angstroms between nonbonded atoms N7 and C5
-------  .R<GTP 501>.A<N7 24> and .R<GTP 501>.A<C5 25>

${HPC_WORKSPACE}/miniconda3/envs/mdprep/bin/teLeap: Warning!
Close contact of 1.388 angstroms between nonbonded atoms C5 and C6
-------  .R<GTP 501>.A<C5 25> and .R<GTP 501>.A<C6 26>

${HPC_WORKSPACE}/miniconda3/envs/mdprep/bin/teLeap: Warning!
Close contact of 1.387 angstroms between nonbonded atoms C5 and C4
-------  .R<GTP 501>.A<C5 25> and .R<GTP 501>.A<C4 32>

${HPC_WORKSPACE}/miniconda3/envs/mdprep/bin/teLeap: Warning!
Close contact of 1.229 angstroms between nonbonded atoms C6 and O6
-------  .R<GTP 501>.A<C6 26> and .R<GTP 501>.A<O6 27>

${HPC_WORKSPACE}/miniconda3/envs/mdprep/bin/teLeap: Warning!
Close contact of 1.380 angstroms between nonbonded atoms C6 and N1
-------  .R<GTP 501>.A<C6 26> and .R<GTP 501>.A<N1 28>

${HPC_WORKSPACE}/miniconda3/envs/mdprep/bin/teLeap: Warning!
Close contact of 1.381 angstroms between nonbonded atoms N1 and C2
-------  .R<GTP 501>.A<N1 28> and .R<GTP 501>.A<C2 29>

${HPC_WORKSPACE}/miniconda3/envs/mdprep/bin/teLeap: Warning!
Close contact of 1.331 angstroms between nonbonded atoms C2 and N2
-------  .R<GTP 501>.A<C2 29> and .R<GTP 501>.A<N2 30>

${HPC_WORKSPACE}/miniconda3/envs/mdprep/bin/teLeap: Warning!
Close contact of 1.381 angstroms between nonbonded atoms C2 and N3
-------  .R<GTP 501>.A<C2 29> and .R<GTP 501>.A<N3 31>

${HPC_WORKSPACE}/miniconda3/envs/mdprep/bin/teLeap: Warning!
Close contact of 1.355 angstroms between nonbonded atoms N3 and C4
-------  .R<GTP 501>.A<N3 31> and .R<GTP 501>.A<C4 32>

${HPC_WORKSPACE}/miniconda3/envs/mdprep/bin/teLeap: Warning!
Close contact of 1.425 angstroms between nonbonded atoms O5' and C5'
-------  .R<GDP 503>.A<O5' 9> and .R<GDP 503>.A<C5' 10>

${HPC_WORKSPACE}/miniconda3/envs/mdprep/bin/teLeap: Warning!
Close contact of 1.428 angstroms between nonbonded atoms C4' and O4'
-------  .R<GDP 503>.A<C4' 11> and .R<GDP 503>.A<O4' 12>

${HPC_WORKSPACE}/miniconda3/envs/mdprep/bin/teLeap: Warning!
Close contact of 1.429 angstroms between nonbonded atoms O4' and C1'
-------  .R<GDP 503>.A<O4' 12> and .R<GDP 503>.A<C1' 17>

${HPC_WORKSPACE}/miniconda3/envs/mdprep/bin/teLeap: Warning!
Close contact of 1.430 angstroms between nonbonded atoms C3' and O3'
-------  .R<GDP 503>.A<C3' 13> and .R<GDP 503>.A<O3' 14>

${HPC_WORKSPACE}/miniconda3/envs/mdprep/bin/teLeap: Warning!
Close contact of 1.430 angstroms between nonbonded atoms C2' and O2'
-------  .R<GDP 503>.A<C2' 15> and .R<GDP 503>.A<O2' 16>

${HPC_WORKSPACE}/miniconda3/envs/mdprep/bin/teLeap: Warning!
Close contact of 1.485 angstroms between nonbonded atoms C1' and N9
-------  .R<GDP 503>.A<C1' 17> and .R<GDP 503>.A<N9 18>

${HPC_WORKSPACE}/miniconda3/envs/mdprep/bin/teLeap: Warning!
Close contact of 1.347 angstroms between nonbonded atoms N9 and C8
-------  .R<GDP 503>.A<N9 18> and .R<GDP 503>.A<C8 19>

${HPC_WORKSPACE}/miniconda3/envs/mdprep/bin/teLeap: Warning!
Close contact of 1.334 angstroms between nonbonded atoms N9 and C4
-------  .R<GDP 503>.A<N9 18> and .R<GDP 503>.A<C4 28>

${HPC_WORKSPACE}/miniconda3/envs/mdprep/bin/teLeap: Warning!
Close contact of 1.357 angstroms between nonbonded atoms C8 and N7
-------  .R<GDP 503>.A<C8 19> and .R<GDP 503>.A<N7 20>

${HPC_WORKSPACE}/miniconda3/envs/mdprep/bin/teLeap: Warning!
Close contact of 1.347 angstroms between nonbonded atoms N7 and C5
-------  .R<GDP 503>.A<N7 20> and .R<GDP 503>.A<C5 21>

${HPC_WORKSPACE}/miniconda3/envs/mdprep/bin/teLeap: Warning!
Close contact of 1.482 angstroms between nonbonded atoms C5 and C6
-------  .R<GDP 503>.A<C5 21> and .R<GDP 503>.A<C6 22>

${HPC_WORKSPACE}/miniconda3/envs/mdprep/bin/teLeap: Warning!
Close contact of 1.470 angstroms between nonbonded atoms C5 and C4
-------  .R<GDP 503>.A<C5 21> and .R<GDP 503>.A<C4 28>

${HPC_WORKSPACE}/miniconda3/envs/mdprep/bin/teLeap: Warning!
Close contact of 1.249 angstroms between nonbonded atoms C6 and O6
-------  .R<GDP 503>.A<C6 22> and .R<GDP 503>.A<O6 23>

${HPC_WORKSPACE}/miniconda3/envs/mdprep/bin/teLeap: Warning!
Close contact of 1.339 angstroms between nonbonded atoms C6 and N1
-------  .R<GDP 503>.A<C6 22> and .R<GDP 503>.A<N1 24>

${HPC_WORKSPACE}/miniconda3/envs/mdprep/bin/teLeap: Warning!
Close contact of 1.347 angstroms between nonbonded atoms N1 and C2
-------  .R<GDP 503>.A<N1 24> and .R<GDP 503>.A<C2 25>

${HPC_WORKSPACE}/miniconda3/envs/mdprep/bin/teLeap: Warning!
Close contact of 1.355 angstroms between nonbonded atoms C2 and N2
-------  .R<GDP 503>.A<C2 25> and .R<GDP 503>.A<N2 26>

${HPC_WORKSPACE}/miniconda3/envs/mdprep/bin/teLeap: Warning!
Close contact of 1.357 angstroms between nonbonded atoms C2 and N3
-------  .R<GDP 503>.A<C2 25> and .R<GDP 503>.A<N3 27>

${HPC_WORKSPACE}/miniconda3/envs/mdprep/bin/teLeap: Warning!
Close contact of 1.354 angstroms between nonbonded atoms N3 and C4
-------  .R<GDP 503>.A<N3 27> and .R<GDP 503>.A<C4 28>
Checking parameters for unit 'cof'.
Checking for bond parameters.
Checking for angle parameters.
check:  Errors:  60   Warnings: 37
> charge cof
Total unperturbed charge:   2.000000
Total perturbed charge:     2.000000
> saveamberparm cof cofactors.prmtop cofactors.inpcrd
Checking Unit.

${HPC_WORKSPACE}/miniconda3/envs/mdprep/bin/teLeap: Warning!
The unperturbed charge of the unit (2.000000) is not zero.
FATAL:  Atom .R<GTP 501>.A<PG 1> does not have a type.
FATAL:  Atom .R<GTP 501>.A<O1G 2> does not have a type.
FATAL:  Atom .R<GTP 501>.A<O2G 3> does not have a type.
FATAL:  Atom .R<GTP 501>.A<O3G 4> does not have a type.
FATAL:  Atom .R<GTP 501>.A<O3B 5> does not have a type.
FATAL:  Atom .R<GTP 501>.A<PB 6> does not have a type.
FATAL:  Atom .R<GTP 501>.A<O1B 7> does not have a type.
FATAL:  Atom .R<GTP 501>.A<O2B 8> does not have a type.
FATAL:  Atom .R<GTP 501>.A<O3A 9> does not have a type.
FATAL:  Atom .R<GTP 501>.A<PA 10> does not have a type.
FATAL:  Atom .R<GTP 501>.A<O1A 11> does not have a type.
FATAL:  Atom .R<GTP 501>.A<O2A 12> does not have a type.
FATAL:  Atom .R<GTP 501>.A<O5' 13> does not have a type.
FATAL:  Atom .R<GTP 501>.A<C5' 14> does not have a type.
FATAL:  Atom .R<GTP 501>.A<C4' 15> does not have a type.
FATAL:  Atom .R<GTP 501>.A<O4' 16> does not have a type.
FATAL:  Atom .R<GTP 501>.A<C3' 17> does not have a type.
FATAL:  Atom .R<GTP 501>.A<O3' 18> does not have a type.
FATAL:  Atom .R<GTP 501>.A<C2' 19> does not have a type.
FATAL:  Atom .R<GTP 501>.A<O2' 20> does not have a type.
FATAL:  Atom .R<GTP 501>.A<C1' 21> does not have a type.
FATAL:  Atom .R<GTP 501>.A<N9 22> does not have a type.
FATAL:  Atom .R<GTP 501>.A<C8 23> does not have a type.
FATAL:  Atom .R<GTP 501>.A<N7 24> does not have a type.
FATAL:  Atom .R<GTP 501>.A<C5 25> does not have a type.
FATAL:  Atom .R<GTP 501>.A<C6 26> does not have a type.
FATAL:  Atom .R<GTP 501>.A<O6 27> does not have a type.
FATAL:  Atom .R<GTP 501>.A<N1 28> does not have a type.
FATAL:  Atom .R<GTP 501>.A<C2 29> does not have a type.
FATAL:  Atom .R<GTP 501>.A<N2 30> does not have a type.
FATAL:  Atom .R<GTP 501>.A<N3 31> does not have a type.
FATAL:  Atom .R<GTP 501>.A<C4 32> does not have a type.
FATAL:  Atom .R<GDP 503>.A<PB 1> does not have a type.
FATAL:  Atom .R<GDP 503>.A<O1B 2> does not have a type.
FATAL:  Atom .R<GDP 503>.A<O2B 3> does not have a type.
FATAL:  Atom .R<GDP 503>.A<O3B 4> does not have a type.
FATAL:  Atom .R<GDP 503>.A<O3A 5> does not have a type.
FATAL:  Atom .R<GDP 503>.A<PA 6> does not have a type.
FATAL:  Atom .R<GDP 503>.A<O1A 7> does not have a type.
FATAL:  Atom .R<GDP 503>.A<O2A 8> does not have a type.
FATAL:  Atom .R<GDP 503>.A<O5' 9> does not have a type.
FATAL:  Atom .R<GDP 503>.A<C5' 10> does not have a type.
FATAL:  Atom .R<GDP 503>.A<C4' 11> does not have a type.
FATAL:  Atom .R<GDP 503>.A<O4' 12> does not have a type.
FATAL:  Atom .R<GDP 503>.A<C3' 13> does not have a type.
FATAL:  Atom .R<GDP 503>.A<O3' 14> does not have a type.
FATAL:  Atom .R<GDP 503>.A<C2' 15> does not have a type.
FATAL:  Atom .R<GDP 503>.A<O2' 16> does not have a type.
FATAL:  Atom .R<GDP 503>.A<C1' 17> does not have a type.
FATAL:  Atom .R<GDP 503>.A<N9 18> does not have a type.
FATAL:  Atom .R<GDP 503>.A<C8 19> does not have a type.
FATAL:  Atom .R<GDP 503>.A<N7 20> does not have a type.
FATAL:  Atom .R<GDP 503>.A<C5 21> does not have a type.
FATAL:  Atom .R<GDP 503>.A<C6 22> does not have a type.
FATAL:  Atom .R<GDP 503>.A<O6 23> does not have a type.
FATAL:  Atom .R<GDP 503>.A<N1 24> does not have a type.
FATAL:  Atom .R<GDP 503>.A<C2 25> does not have a type.
FATAL:  Atom .R<GDP 503>.A<N2 26> does not have a type.
FATAL:  Atom .R<GDP 503>.A<N3 27> does not have a type.
FATAL:  Atom .R<GDP 503>.A<C4 28> does not have a type.

${HPC_WORKSPACE}/miniconda3/envs/mdprep/bin/teLeap: Fatal Error!
Failed to generate parameters

Exiting LEaP: Errors = 1; Warnings = 42; Notes = 0.
log started: Thu Apr 16 22:31:05 2026

Log file: ./leap.log
>> #
>> # ----- leaprc for loading the ff14SB force field
>> # ----- NOTE: this is designed for PDB format 3!
>> #
>> #	load atom type hybridizations
>> #
>> addAtomTypes {
>> 	{ "H"   "H" "sp3" }
>> 	{ "HO"  "H" "sp3" }
>> 	{ "HS"  "H" "sp3" }
>> 	{ "H1"  "H" "sp3" }
>> 	{ "H2"  "H" "sp3" }
>> 	{ "H3"  "H" "sp3" }
>> 	{ "H4"  "H" "sp3" }
>> 	{ "H5"  "H" "sp3" }
>> 	{ "HW"  "H" "sp3" }
>> 	{ "HC"  "H" "sp3" }
>> 	{ "HA"  "H" "sp3" }
>> 	{ "HP"  "H" "sp3" }
>> 	{ "HZ"  "H" "sp3" }
>> 	{ "OH"  "O" "sp3" }
>> 	{ "OS"  "O" "sp3" }
>> 	{ "O"   "O" "sp2" }
>> 	{ "O2"  "O" "sp2" }
>> 	{ "OP"  "O" "sp2" }
>> 	{ "OW"  "O" "sp3" }
>> 	{ "CT"  "C" "sp3" }
>> 	{ "CX"  "C" "sp3" }
>> 	{ "C8"  "C" "sp3" }
>> 	{ "2C"  "C" "sp3" }
>> 	{ "3C"  "C" "sp3" }
>> 	{ "CH"  "C" "sp3" }
>> 	{ "CS"  "C" "sp2" }
>> 	{ "C"   "C" "sp2" }
>> 	{ "CO"   "C" "sp2" }
>> 	{ "C*"  "C" "sp2" }
>> 	{ "CA"  "C" "sp2" }
>> 	{ "CB"  "C" "sp2" }
>> 	{ "CC"  "C" "sp2" }
>> 	{ "CN"  "C" "sp2" }
>> 	{ "CM"  "C" "sp2" }
>> 	{ "CK"  "C" "sp2" }
>> 	{ "CQ"  "C" "sp2" }
>> 	{ "CD"  "C" "sp2" }
>> 	{ "C5"  "C" "sp2" }
>> 	{ "C4"  "C" "sp2" }
>> 	{ "CP"  "C" "sp2" }
>> 	{ "CI"  "C" "sp3" }
>> 	{ "CJ"  "C" "sp2" }
>> 	{ "CW"  "C" "sp2" }
>> 	{ "CV"  "C" "sp2" }
>> 	{ "CR"  "C" "sp2" }
>> 	{ "CA"  "C" "sp2" }
>> 	{ "CY"  "C" "sp2" }
>> 	{ "C0"  "Ca" "sp3" }
>> 	{ "MG"  "Mg" "sp3" }
>> 	{ "N"   "N" "sp2" }
>> 	{ "NA"  "N" "sp2" }
>> 	{ "N2"  "N" "sp2" }
>> 	{ "N*"  "N" "sp2" }
>> 	{ "NP"  "N" "sp2" }
>> 	{ "NQ"  "N" "sp2" }
>> 	{ "NB"  "N" "sp2" }
>> 	{ "NC"  "N" "sp2" }
>> 	{ "NT"  "N" "sp3" }
>> 	{ "NY"  "N" "sp2" }
>> 	{ "N3"  "N" "sp3" }
>> 	{ "S"   "S" "sp3" }
>> 	{ "SH"  "S" "sp3" }
>> 	{ "P"   "P" "sp3" }
>> 	{ "LP"  ""  "sp3" }
>> 	{ "EP"  ""  "sp3" }
>> 	{ "F"   "F" "sp3" }
>> 	{ "Cl"  "Cl" "sp3" }
>> 	{ "Br"  "Br" "sp3" }
>> 	{ "I"   "I"  "sp3" }
>> }
>> #
>> #	Load the main parameter set.
>> #
>> parm10 = loadamberparams parm10.dat
Loading parameters: ${HPC_WORKSPACE}/miniconda3/envs/mdprep/dat/leap/parm/parm10.dat
Reading title:
PARM99 + frcmod.ff99SB + frcmod.parmbsc0 + OL3 for RNA
>> frcmod14SB = loadamberparams frcmod.ff14SB
Loading parameters: ${HPC_WORKSPACE}/miniconda3/envs/mdprep/dat/leap/parm/frcmod.ff14SB
Reading force field modification type file (frcmod)
Reading title:
ff14SB protein backbone and sidechain parameters
>> #
>> #	Load main chain and terminating amino acid libraries
>> #
>> loadOff amino12.lib
Loading library: ${HPC_WORKSPACE}/miniconda3/envs/mdprep/dat/leap/lib/amino12.lib
Loading: ALA
Loading: ARG
Loading: ASH
Loading: ASN
Loading: ASP
Loading: CYM
Loading: CYS
Loading: CYX
Loading: GLH
Loading: GLN
Loading: GLU
Loading: GLY
Loading: HID
Loading: HIE
Loading: HIP
Loading: HYP
Loading: ILE
Loading: LEU
Loading: LYN
Loading: LYS
Loading: MET
Loading: PHE
Loading: PRO
Loading: SER
Loading: THR
Loading: TRP
Loading: TYR
Loading: VAL
>> loadOff aminoct12.lib
Loading library: ${HPC_WORKSPACE}/miniconda3/envs/mdprep/dat/leap/lib/aminoct12.lib
Loading: CALA
Loading: CARG
Loading: CASN
Loading: CASP
Loading: CCYS
Loading: CCYX
Loading: CGLN
Loading: CGLU
Loading: CGLY
Loading: CHID
Loading: CHIE
Loading: CHIP
Loading: CHYP
Loading: CILE
Loading: CLEU
Loading: CLYS
Loading: CMET
Loading: CPHE
Loading: CPRO
Loading: CSER
Loading: CTHR
Loading: CTRP
Loading: CTYR
Loading: CVAL
Loading: NHE
Loading: NME
>> loadOff aminont12.lib
Loading library: ${HPC_WORKSPACE}/miniconda3/envs/mdprep/dat/leap/lib/aminont12.lib
Loading: ACE
Loading: NALA
Loading: NARG
Loading: NASN
Loading: NASP
Loading: NCYS
Loading: NCYX
Loading: NGLN
Loading: NGLU
Loading: NGLY
Loading: NHID
Loading: NHIE
Loading: NHIP
Loading: NILE
Loading: NLEU
Loading: NLYS
Loading: NMET
Loading: NPHE
Loading: NPRO
Loading: NSER
Loading: NTHR
Loading: NTRP
Loading: NTYR
Loading: NVAL
>> 
>> #
>> #	Define the PDB name map for the amino acids
>> #
>> addPdbResMap {
>>   { 0 "HYP" "HYP" } { 1 "HYP" "CHYP" }
>>   { 0 "ALA" "NALA" } { 1 "ALA" "CALA" }
>>   { 0 "ARG" "NARG" } { 1 "ARG" "CARG" }
>>   { 0 "ASN" "NASN" } { 1 "ASN" "CASN" }
>>   { 0 "ASP" "NASP" } { 1 "ASP" "CASP" }
>>   { 0 "CYS" "NCYS" } { 1 "CYS" "CCYS" }
>>   { 0 "CYX" "NCYX" } { 1 "CYX" "CCYX" }
>>   { 0 "GLN" "NGLN" } { 1 "GLN" "CGLN" }
>>   { 0 "GLU" "NGLU" } { 1 "GLU" "CGLU" }
>>   { 0 "GLY" "NGLY" } { 1 "GLY" "CGLY" }
>>   { 0 "HID" "NHID" } { 1 "HID" "CHID" }
>>   { 0 "HIE" "NHIE" } { 1 "HIE" "CHIE" }
>>   { 0 "HIP" "NHIP" } { 1 "HIP" "CHIP" }
>>   { 0 "ILE" "NILE" } { 1 "ILE" "CILE" }
>>   { 0 "LEU" "NLEU" } { 1 "LEU" "CLEU" }
>>   { 0 "LYS" "NLYS" } { 1 "LYS" "CLYS" }
>>   { 0 "MET" "NMET" } { 1 "MET" "CMET" }
>>   { 0 "PHE" "NPHE" } { 1 "PHE" "CPHE" }
>>   { 0 "PRO" "NPRO" } { 1 "PRO" "CPRO" }
>>   { 0 "SER" "NSER" } { 1 "SER" "CSER" }
>>   { 0 "THR" "NTHR" } { 1 "THR" "CTHR" }
>>   { 0 "TRP" "NTRP" } { 1 "TRP" "CTRP" }
>>   { 0 "TYR" "NTYR" } { 1 "TYR" "CTYR" }
>>   { 0 "VAL" "NVAL" } { 1 "VAL" "CVAL" }
>>   { 0 "HIS" "NHIS" } { 1 "HIS" "CHIS" }
>> }
>> 
>> #
>> # assume that most often proteins use HIE
>> #
>> NHIS = NHIE
>> HIS = HIE
>> CHIS = CHIE
> 
> source leaprc.water.tip3p
----- Source: ${HPC_WORKSPACE}/miniconda3/envs/mdprep/dat/leap/cmd/leaprc.water.tip3p
----- Source of ${HPC_WORKSPACE}/miniconda3/envs/mdprep/dat/leap/cmd/leaprc.water.tip3p done
>> #
>> #       Load water and ions for TIP3P + Li/Merz monovalent ions 
>> #       + Joung-Chetham monovalent ions
>> #       + Li/Merz highly charged ions (+2 to +4, 12-6 normal usage set)
>> #
>> #       Note: the Li/Merz monovalent set is loaded only to get Tl+,
>> #          Cu+, Ag+ NH4+, H3O+.  Since we load Joung-Cheatham second,
>> #          the alkali halide parameters come from the Joung-Cheatham set
>> #
>> addAtomTypes {
>> 	{ "HW"  "H" "sp3" }
>> 	{ "OW"  "O" "sp3" }
>> 	{ "F-"   "F" "sp3" }
>> 	{ "Cl-"  "Cl" "sp3" }
>> 	{ "Br-"  "Br" "sp3" }
>> 	{ "I-"   "I"  "sp3" }
>> 	{ "Li+"  "Li"  "sp3" }
>> 	{ "Na+"  "Na"  "sp3" }
>> 	{ "K+"  "K"  "sp3" }
>> 	{ "Rb+"  "Rb"  "sp3" }
>> 	{ "Cs+"  "Cs"  "sp3" }
>> 	{ "Mg+"  "Mg"  "sp3" }
>>     { "Tl+"  "Tl"  "sp3" }
>>     { "Cu+"  "Cu"  "sp3" }
>>     { "Ag+"  "Ag"  "sp3" }
>>     { "NH4+"  "N"  "sp3" }
>>     { "H3O+"  "O"  "sp3" }
>>     { "Be2+" "Be"  "sp3" }
>>     { "Cu2+" "Cu"  "sp3" }
>>     { "Ni2+" "Ni"  "sp3" }
>>     { "Pt2+" "Pt"  "sp3" }
>>     { "Zn2+" "Zn"  "sp3" }
>>     { "Co2+" "Co"  "sp3" }
>>     { "Pd2+" "Pd"  "sp3" }
>>     { "Ag2+" "Ag"  "sp3" }
>>     { "Cr2+" "Cr"  "sp3" }
>>     { "Fe2+" "Fe"  "sp3" }
>>     { "Mg2+" "Mg"  "sp3" }
>>     { "V2+"  "V"   "sp3" }
>>     { "Mn2+" "Mn"  "sp3" }
>>     { "Hg2+" "Hg"  "sp3" }
>>     { "Cd2+" "Cd"  "sp3" }
>>     { "Yb2+" "Yb"  "sp3" }
>>     { "Ca2+" "Ca"  "sp3" }
>>     { "Sn2+" "Sn"  "sp3" }
>>     { "Pb2+" "Pb"  "sp3" }
>>     { "Eu2+" "Eu"  "sp3" }
>>     { "Sr2+" "Sr"  "sp3" }
>>     { "Sm2+" "Sm"  "sp3" }
>>     { "Ba2+" "Ba"  "sp3" }
>>     { "Ra2+" "Ra"  "sp3" }
>>     { "Al3+" "Al"  "sp3" }
>>     { "Fe3+" "Fe"  "sp3" }
>>     { "Cr3+" "Cr"  "sp3" }
>>     { "In3+" "In"  "sp3" }
>>     { "Tl3+" "Tl"  "sp3" }
>>     { "Y3+"  "Y"   "sp3" }
>>     { "La3+" "La"  "sp3" }
>>     { "Ce3+" "Ce"  "sp3" }
>>     { "Pr3+" "Pr"  "sp3" }
>>     { "Nd3+" "Nd"  "sp3" }
>>     { "Sm3+" "Sm"  "sp3" }
>>     { "Eu3+" "Eu"  "sp3" }
>>     { "Gd3+" "Gd"  "sp3" }
>>     { "Tb3+" "Tb"  "sp3" }
>>     { "Dy3+" "Dy"  "sp3" }
>>     { "Er3+" "Er"  "sp3" }
>>     { "Tm3+" "Tm"  "sp3" }
>>     { "Lu3+" "Lu"  "sp3" }
>>     { "Hf4+" "Hf"  "sp3" }
>>     { "Zr4+" "Zr"  "sp3" }
>>     { "Ce4+" "Ce"  "sp3" }
>>     { "U4+"  "U"   "sp3" }
>>     { "Pu4+" "Pu"  "sp3" }
>>     { "Th4+" "Th"  "sp3" }
>> }
>> loadOff atomic_ions.lib
Loading library: ${HPC_WORKSPACE}/miniconda3/envs/mdprep/dat/leap/lib/atomic_ions.lib
Loading: AG
Loading: AL
Loading: Ag
Loading: BA
Loading: BR
Loading: Be
Loading: CA
Loading: CD
Loading: CE
Loading: CL
Loading: CO
Loading: CR
Loading: CS
Loading: CU
Loading: CU1
Loading: Ce
Loading: Cl-
Loading: Cr
Loading: Dy
Loading: EU
Loading: EU3
Loading: Er
Loading: F
Loading: FE
Loading: FE2
Loading: GD3
Loading: H3O+
Loading: HE+
Loading: HG
Loading: HZ+
Loading: Hf
Loading: IN
Loading: IOD
Loading: K
Loading: K+
Loading: LA
Loading: LI
Loading: LU
Loading: MG
Loading: MN
Loading: NA
Loading: NH4
Loading: NI
Loading: Na+
Loading: Nd
Loading: PB
Loading: PD
Loading: PR
Loading: PT
Loading: Pu
Loading: RB
Loading: Ra
Loading: SM
Loading: SR
Loading: Sm
Loading: Sn
Loading: TB
Loading: TL
Loading: Th
Loading: Tl
Loading: Tm
Loading: U4+
Loading: V2+
Loading: Y
Loading: YB2
Loading: ZN
Loading: Zr
>> loadOff solvents.lib
Loading library: ${HPC_WORKSPACE}/miniconda3/envs/mdprep/dat/leap/lib/solvents.lib
Loading: CHCL3BOX
Loading: DC4
Loading: FB3
Loading: FB3BOX
Loading: FB4
Loading: FB4BOX
Loading: MEOHBOX
Loading: NMABOX
Loading: O3P
Loading: OP3
Loading: OPC
Loading: OPC3BOX
Loading: OPC3POLBOX
Loading: OPCBOX
Loading: PL3
Loading: POL3BOX
Loading: QSPCFWBOX
Loading: SPC
Loading: SPCBOX
Loading: SPCFWBOX
Loading: SPF
Loading: SPG
Loading: T4E
Loading: TIP3PBOX
Loading: TIP3PFBOX
Loading: TIP4PBOX
Loading: TIP4PEWBOX
Loading: TIP5PBOX
Loading: TP3
Loading: TP4
Loading: TP5
Loading: TPF
>> HOH = TP3
>> WAT = TP3
>> loadAmberParams frcmod.tip3p
Loading parameters: ${HPC_WORKSPACE}/miniconda3/envs/mdprep/dat/leap/parm/frcmod.tip3p
Reading force field modification type file (frcmod)
Reading title:
This is the additional/replacement parameter set for TIP3P water
>> loadAmberParams frcmod.ions1lm_126_tip3p
Loading parameters: ${HPC_WORKSPACE}/miniconda3/envs/mdprep/dat/leap/parm/frcmod.ions1lm_126_tip3p
Reading force field modification type file (frcmod)
Reading title:
Li/Merz ion parameters of monovalent ions for TIP3P water model (12-6 normal usage set)
>> loadAmberParams frcmod.ionsjc_tip3p
Loading parameters: ${HPC_WORKSPACE}/miniconda3/envs/mdprep/dat/leap/parm/frcmod.ionsjc_tip3p
Reading force field modification type file (frcmod)
Reading title:
Monovalent ion parameters for Ewald and TIP3P water from Joung & Cheatham JPCB (2008)
>> loadAmberParams frcmod.ions234lm_126_tip3p
Loading parameters: ${HPC_WORKSPACE}/miniconda3/envs/mdprep/dat/leap/parm/frcmod.ions234lm_126_tip3p
Reading force field modification type file (frcmod)
Reading title:
Li/Merz ion parameters of divalent to tetravalent ions for TIP3P water model (12-6 normal usage set)
>> 
> 
> source leaprc.water.ionsjc_tip3p

${HPC_WORKSPACE}/miniconda3/envs/mdprep/bin/teLeap: Fatal Error!
Could not open file leaprc.water.ionsjc_tip3p: not found

Exiting LEaP: Errors = 1; Warnings = 0; Notes = 0.
log started: Thu Apr 16 22:31:21 2026

Log file: ./leap.log
>> #
>> # ----- leaprc for loading the ff14SB force field
>> # ----- NOTE: this is designed for PDB format 3!
>> #
>> #	load atom type hybridizations
>> #
>> addAtomTypes {
>> 	{ "H"   "H" "sp3" }
>> 	{ "HO"  "H" "sp3" }
>> 	{ "HS"  "H" "sp3" }
>> 	{ "H1"  "H" "sp3" }
>> 	{ "H2"  "H" "sp3" }
>> 	{ "H3"  "H" "sp3" }
>> 	{ "H4"  "H" "sp3" }
>> 	{ "H5"  "H" "sp3" }
>> 	{ "HW"  "H" "sp3" }
>> 	{ "HC"  "H" "sp3" }
>> 	{ "HA"  "H" "sp3" }
>> 	{ "HP"  "H" "sp3" }
>> 	{ "HZ"  "H" "sp3" }
>> 	{ "OH"  "O" "sp3" }
>> 	{ "OS"  "O" "sp3" }
>> 	{ "O"   "O" "sp2" }
>> 	{ "O2"  "O" "sp2" }
>> 	{ "OP"  "O" "sp2" }
>> 	{ "OW"  "O" "sp3" }
>> 	{ "CT"  "C" "sp3" }
>> 	{ "CX"  "C" "sp3" }
>> 	{ "C8"  "C" "sp3" }
>> 	{ "2C"  "C" "sp3" }
>> 	{ "3C"  "C" "sp3" }
>> 	{ "CH"  "C" "sp3" }
>> 	{ "CS"  "C" "sp2" }
>> 	{ "C"   "C" "sp2" }
>> 	{ "CO"   "C" "sp2" }
>> 	{ "C*"  "C" "sp2" }
>> 	{ "CA"  "C" "sp2" }
>> 	{ "CB"  "C" "sp2" }
>> 	{ "CC"  "C" "sp2" }
>> 	{ "CN"  "C" "sp2" }
>> 	{ "CM"  "C" "sp2" }
>> 	{ "CK"  "C" "sp2" }
>> 	{ "CQ"  "C" "sp2" }
>> 	{ "CD"  "C" "sp2" }
>> 	{ "C5"  "C" "sp2" }
>> 	{ "C4"  "C" "sp2" }
>> 	{ "CP"  "C" "sp2" }
>> 	{ "CI"  "C" "sp3" }
>> 	{ "CJ"  "C" "sp2" }
>> 	{ "CW"  "C" "sp2" }
>> 	{ "CV"  "C" "sp2" }
>> 	{ "CR"  "C" "sp2" }
>> 	{ "CA"  "C" "sp2" }
>> 	{ "CY"  "C" "sp2" }
>> 	{ "C0"  "Ca" "sp3" }
>> 	{ "MG"  "Mg" "sp3" }
>> 	{ "N"   "N" "sp2" }
>> 	{ "NA"  "N" "sp2" }
>> 	{ "N2"  "N" "sp2" }
>> 	{ "N*"  "N" "sp2" }
>> 	{ "NP"  "N" "sp2" }
>> 	{ "NQ"  "N" "sp2" }
>> 	{ "NB"  "N" "sp2" }
>> 	{ "NC"  "N" "sp2" }
>> 	{ "NT"  "N" "sp3" }
>> 	{ "NY"  "N" "sp2" }
>> 	{ "N3"  "N" "sp3" }
>> 	{ "S"   "S" "sp3" }
>> 	{ "SH"  "S" "sp3" }
>> 	{ "P"   "P" "sp3" }
>> 	{ "LP"  ""  "sp3" }
>> 	{ "EP"  ""  "sp3" }
>> 	{ "F"   "F" "sp3" }
>> 	{ "Cl"  "Cl" "sp3" }
>> 	{ "Br"  "Br" "sp3" }
>> 	{ "I"   "I"  "sp3" }
>> }
>> #
>> #	Load the main parameter set.
>> #
>> parm10 = loadamberparams parm10.dat
Loading parameters: ${HPC_WORKSPACE}/miniconda3/envs/mdprep/dat/leap/parm/parm10.dat
Reading title:
PARM99 + frcmod.ff99SB + frcmod.parmbsc0 + OL3 for RNA
>> frcmod14SB = loadamberparams frcmod.ff14SB
Loading parameters: ${HPC_WORKSPACE}/miniconda3/envs/mdprep/dat/leap/parm/frcmod.ff14SB
Reading force field modification type file (frcmod)
Reading title:
ff14SB protein backbone and sidechain parameters
>> #
>> #	Load main chain and terminating amino acid libraries
>> #
>> loadOff amino12.lib
Loading library: ${HPC_WORKSPACE}/miniconda3/envs/mdprep/dat/leap/lib/amino12.lib
Loading: ALA
Loading: ARG
Loading: ASH
Loading: ASN
Loading: ASP
Loading: CYM
Loading: CYS
Loading: CYX
Loading: GLH
Loading: GLN
Loading: GLU
Loading: GLY
Loading: HID
Loading: HIE
Loading: HIP
Loading: HYP
Loading: ILE
Loading: LEU
Loading: LYN
Loading: LYS
Loading: MET
Loading: PHE
Loading: PRO
Loading: SER
Loading: THR
Loading: TRP
Loading: TYR
Loading: VAL
>> loadOff aminoct12.lib
Loading library: ${HPC_WORKSPACE}/miniconda3/envs/mdprep/dat/leap/lib/aminoct12.lib
Loading: CALA
Loading: CARG
Loading: CASN
Loading: CASP
Loading: CCYS
Loading: CCYX
Loading: CGLN
Loading: CGLU
Loading: CGLY
Loading: CHID
Loading: CHIE
Loading: CHIP
Loading: CHYP
Loading: CILE
Loading: CLEU
Loading: CLYS
Loading: CMET
Loading: CPHE
Loading: CPRO
Loading: CSER
Loading: CTHR
Loading: CTRP
Loading: CTYR
Loading: CVAL
Loading: NHE
Loading: NME
>> loadOff aminont12.lib
Loading library: ${HPC_WORKSPACE}/miniconda3/envs/mdprep/dat/leap/lib/aminont12.lib
Loading: ACE
Loading: NALA
Loading: NARG
Loading: NASN
Loading: NASP
Loading: NCYS
Loading: NCYX
Loading: NGLN
Loading: NGLU
Loading: NGLY
Loading: NHID
Loading: NHIE
Loading: NHIP
Loading: NILE
Loading: NLEU
Loading: NLYS
Loading: NMET
Loading: NPHE
Loading: NPRO
Loading: NSER
Loading: NTHR
Loading: NTRP
Loading: NTYR
Loading: NVAL
>> 
>> #
>> #	Define the PDB name map for the amino acids
>> #
>> addPdbResMap {
>>   { 0 "HYP" "HYP" } { 1 "HYP" "CHYP" }
>>   { 0 "ALA" "NALA" } { 1 "ALA" "CALA" }
>>   { 0 "ARG" "NARG" } { 1 "ARG" "CARG" }
>>   { 0 "ASN" "NASN" } { 1 "ASN" "CASN" }
>>   { 0 "ASP" "NASP" } { 1 "ASP" "CASP" }
>>   { 0 "CYS" "NCYS" } { 1 "CYS" "CCYS" }
>>   { 0 "CYX" "NCYX" } { 1 "CYX" "CCYX" }
>>   { 0 "GLN" "NGLN" } { 1 "GLN" "CGLN" }
>>   { 0 "GLU" "NGLU" } { 1 "GLU" "CGLU" }
>>   { 0 "GLY" "NGLY" } { 1 "GLY" "CGLY" }
>>   { 0 "HID" "NHID" } { 1 "HID" "CHID" }
>>   { 0 "HIE" "NHIE" } { 1 "HIE" "CHIE" }
>>   { 0 "HIP" "NHIP" } { 1 "HIP" "CHIP" }
>>   { 0 "ILE" "NILE" } { 1 "ILE" "CILE" }
>>   { 0 "LEU" "NLEU" } { 1 "LEU" "CLEU" }
>>   { 0 "LYS" "NLYS" } { 1 "LYS" "CLYS" }
>>   { 0 "MET" "NMET" } { 1 "MET" "CMET" }
>>   { 0 "PHE" "NPHE" } { 1 "PHE" "CPHE" }
>>   { 0 "PRO" "NPRO" } { 1 "PRO" "CPRO" }
>>   { 0 "SER" "NSER" } { 1 "SER" "CSER" }
>>   { 0 "THR" "NTHR" } { 1 "THR" "CTHR" }
>>   { 0 "TRP" "NTRP" } { 1 "TRP" "CTRP" }
>>   { 0 "TYR" "NTYR" } { 1 "TYR" "CTYR" }
>>   { 0 "VAL" "NVAL" } { 1 "VAL" "CVAL" }
>>   { 0 "HIS" "NHIS" } { 1 "HIS" "CHIS" }
>> }
>> 
>> #
>> # assume that most often proteins use HIE
>> #
>> NHIS = NHIE
>> HIS = HIE
>> CHIS = CHIE
> 
> source leaprc.water.tip3p
----- Source: ${HPC_WORKSPACE}/miniconda3/envs/mdprep/dat/leap/cmd/leaprc.water.tip3p
----- Source of ${HPC_WORKSPACE}/miniconda3/envs/mdprep/dat/leap/cmd/leaprc.water.tip3p done
>> #
>> #       Load water and ions for TIP3P + Li/Merz monovalent ions 
>> #       + Joung-Chetham monovalent ions
>> #       + Li/Merz highly charged ions (+2 to +4, 12-6 normal usage set)
>> #
>> #       Note: the Li/Merz monovalent set is loaded only to get Tl+,
>> #          Cu+, Ag+ NH4+, H3O+.  Since we load Joung-Cheatham second,
>> #          the alkali halide parameters come from the Joung-Cheatham set
>> #
>> addAtomTypes {
>> 	{ "HW"  "H" "sp3" }
>> 	{ "OW"  "O" "sp3" }
>> 	{ "F-"   "F" "sp3" }
>> 	{ "Cl-"  "Cl" "sp3" }
>> 	{ "Br-"  "Br" "sp3" }
>> 	{ "I-"   "I"  "sp3" }
>> 	{ "Li+"  "Li"  "sp3" }
>> 	{ "Na+"  "Na"  "sp3" }
>> 	{ "K+"  "K"  "sp3" }
>> 	{ "Rb+"  "Rb"  "sp3" }
>> 	{ "Cs+"  "Cs"  "sp3" }
>> 	{ "Mg+"  "Mg"  "sp3" }
>>     { "Tl+"  "Tl"  "sp3" }
>>     { "Cu+"  "Cu"  "sp3" }
>>     { "Ag+"  "Ag"  "sp3" }
>>     { "NH4+"  "N"  "sp3" }
>>     { "H3O+"  "O"  "sp3" }
>>     { "Be2+" "Be"  "sp3" }
>>     { "Cu2+" "Cu"  "sp3" }
>>     { "Ni2+" "Ni"  "sp3" }
>>     { "Pt2+" "Pt"  "sp3" }
>>     { "Zn2+" "Zn"  "sp3" }
>>     { "Co2+" "Co"  "sp3" }
>>     { "Pd2+" "Pd"  "sp3" }
>>     { "Ag2+" "Ag"  "sp3" }
>>     { "Cr2+" "Cr"  "sp3" }
>>     { "Fe2+" "Fe"  "sp3" }
>>     { "Mg2+" "Mg"  "sp3" }
>>     { "V2+"  "V"   "sp3" }
>>     { "Mn2+" "Mn"  "sp3" }
>>     { "Hg2+" "Hg"  "sp3" }
>>     { "Cd2+" "Cd"  "sp3" }
>>     { "Yb2+" "Yb"  "sp3" }
>>     { "Ca2+" "Ca"  "sp3" }
>>     { "Sn2+" "Sn"  "sp3" }
>>     { "Pb2+" "Pb"  "sp3" }
>>     { "Eu2+" "Eu"  "sp3" }
>>     { "Sr2+" "Sr"  "sp3" }
>>     { "Sm2+" "Sm"  "sp3" }
>>     { "Ba2+" "Ba"  "sp3" }
>>     { "Ra2+" "Ra"  "sp3" }
>>     { "Al3+" "Al"  "sp3" }
>>     { "Fe3+" "Fe"  "sp3" }
>>     { "Cr3+" "Cr"  "sp3" }
>>     { "In3+" "In"  "sp3" }
>>     { "Tl3+" "Tl"  "sp3" }
>>     { "Y3+"  "Y"   "sp3" }
>>     { "La3+" "La"  "sp3" }
>>     { "Ce3+" "Ce"  "sp3" }
>>     { "Pr3+" "Pr"  "sp3" }
>>     { "Nd3+" "Nd"  "sp3" }
>>     { "Sm3+" "Sm"  "sp3" }
>>     { "Eu3+" "Eu"  "sp3" }
>>     { "Gd3+" "Gd"  "sp3" }
>>     { "Tb3+" "Tb"  "sp3" }
>>     { "Dy3+" "Dy"  "sp3" }
>>     { "Er3+" "Er"  "sp3" }
>>     { "Tm3+" "Tm"  "sp3" }
>>     { "Lu3+" "Lu"  "sp3" }
>>     { "Hf4+" "Hf"  "sp3" }
>>     { "Zr4+" "Zr"  "sp3" }
>>     { "Ce4+" "Ce"  "sp3" }
>>     { "U4+"  "U"   "sp3" }
>>     { "Pu4+" "Pu"  "sp3" }
>>     { "Th4+" "Th"  "sp3" }
>> }
>> loadOff atomic_ions.lib
Loading library: ${HPC_WORKSPACE}/miniconda3/envs/mdprep/dat/leap/lib/atomic_ions.lib
Loading: AG
Loading: AL
Loading: Ag
Loading: BA
Loading: BR
Loading: Be
Loading: CA
Loading: CD
Loading: CE
Loading: CL
Loading: CO
Loading: CR
Loading: CS
Loading: CU
Loading: CU1
Loading: Ce
Loading: Cl-
Loading: Cr
Loading: Dy
Loading: EU
Loading: EU3
Loading: Er
Loading: F
Loading: FE
Loading: FE2
Loading: GD3
Loading: H3O+
Loading: HE+
Loading: HG
Loading: HZ+
Loading: Hf
Loading: IN
Loading: IOD
Loading: K
Loading: K+
Loading: LA
Loading: LI
Loading: LU
Loading: MG
Loading: MN
Loading: NA
Loading: NH4
Loading: NI
Loading: Na+
Loading: Nd
Loading: PB
Loading: PD
Loading: PR
Loading: PT
Loading: Pu
Loading: RB
Loading: Ra
Loading: SM
Loading: SR
Loading: Sm
Loading: Sn
Loading: TB
Loading: TL
Loading: Th
Loading: Tl
Loading: Tm
Loading: U4+
Loading: V2+
Loading: Y
Loading: YB2
Loading: ZN
Loading: Zr
>> loadOff solvents.lib
Loading library: ${HPC_WORKSPACE}/miniconda3/envs/mdprep/dat/leap/lib/solvents.lib
Loading: CHCL3BOX
Loading: DC4
Loading: FB3
Loading: FB3BOX
Loading: FB4
Loading: FB4BOX
Loading: MEOHBOX
Loading: NMABOX
Loading: O3P
Loading: OP3
Loading: OPC
Loading: OPC3BOX
Loading: OPC3POLBOX
Loading: OPCBOX
Loading: PL3
Loading: POL3BOX
Loading: QSPCFWBOX
Loading: SPC
Loading: SPCBOX
Loading: SPCFWBOX
Loading: SPF
Loading: SPG
Loading: T4E
Loading: TIP3PBOX
Loading: TIP3PFBOX
Loading: TIP4PBOX
Loading: TIP4PEWBOX
Loading: TIP5PBOX
Loading: TP3
Loading: TP4
Loading: TP5
Loading: TPF
>> HOH = TP3
>> WAT = TP3
>> loadAmberParams frcmod.tip3p
Loading parameters: ${HPC_WORKSPACE}/miniconda3/envs/mdprep/dat/leap/parm/frcmod.tip3p
Reading force field modification type file (frcmod)
Reading title:
This is the additional/replacement parameter set for TIP3P water
>> loadAmberParams frcmod.ions1lm_126_tip3p
Loading parameters: ${HPC_WORKSPACE}/miniconda3/envs/mdprep/dat/leap/parm/frcmod.ions1lm_126_tip3p
Reading force field modification type file (frcmod)
Reading title:
Li/Merz ion parameters of monovalent ions for TIP3P water model (12-6 normal usage set)
>> loadAmberParams frcmod.ionsjc_tip3p
Loading parameters: ${HPC_WORKSPACE}/miniconda3/envs/mdprep/dat/leap/parm/frcmod.ionsjc_tip3p
Reading force field modification type file (frcmod)
Reading title:
Monovalent ion parameters for Ewald and TIP3P water from Joung & Cheatham JPCB (2008)
>> loadAmberParams frcmod.ions234lm_126_tip3p
Loading parameters: ${HPC_WORKSPACE}/miniconda3/envs/mdprep/dat/leap/parm/frcmod.ions234lm_126_tip3p
Reading force field modification type file (frcmod)
Reading title:
Li/Merz ion parameters of divalent to tetravalent ions for TIP3P water model (12-6 normal usage set)
>> 
> 
> 
> loadamberparams ../../input/cofactors_params/frcmod.phos

${HPC_WORKSPACE}/miniconda3/envs/mdprep/bin/teLeap: Fatal Error!
Could not open file ../../input/cofactors_params/frcmod.phos: No such file or directory

Exiting LEaP: Errors = 1; Warnings = 0; Notes = 0.
log started: Thu Apr 16 22:31:34 2026

Log file: ./leap.log
>> #
>> # ----- leaprc for loading the ff14SB force field
>> # ----- NOTE: this is designed for PDB format 3!
>> #
>> #	load atom type hybridizations
>> #
>> addAtomTypes {
>> 	{ "H"   "H" "sp3" }
>> 	{ "HO"  "H" "sp3" }
>> 	{ "HS"  "H" "sp3" }
>> 	{ "H1"  "H" "sp3" }
>> 	{ "H2"  "H" "sp3" }
>> 	{ "H3"  "H" "sp3" }
>> 	{ "H4"  "H" "sp3" }
>> 	{ "H5"  "H" "sp3" }
>> 	{ "HW"  "H" "sp3" }
>> 	{ "HC"  "H" "sp3" }
>> 	{ "HA"  "H" "sp3" }
>> 	{ "HP"  "H" "sp3" }
>> 	{ "HZ"  "H" "sp3" }
>> 	{ "OH"  "O" "sp3" }
>> 	{ "OS"  "O" "sp3" }
>> 	{ "O"   "O" "sp2" }
>> 	{ "O2"  "O" "sp2" }
>> 	{ "OP"  "O" "sp2" }
>> 	{ "OW"  "O" "sp3" }
>> 	{ "CT"  "C" "sp3" }
>> 	{ "CX"  "C" "sp3" }
>> 	{ "C8"  "C" "sp3" }
>> 	{ "2C"  "C" "sp3" }
>> 	{ "3C"  "C" "sp3" }
>> 	{ "CH"  "C" "sp3" }
>> 	{ "CS"  "C" "sp2" }
>> 	{ "C"   "C" "sp2" }
>> 	{ "CO"   "C" "sp2" }
>> 	{ "C*"  "C" "sp2" }
>> 	{ "CA"  "C" "sp2" }
>> 	{ "CB"  "C" "sp2" }
>> 	{ "CC"  "C" "sp2" }
>> 	{ "CN"  "C" "sp2" }
>> 	{ "CM"  "C" "sp2" }
>> 	{ "CK"  "C" "sp2" }
>> 	{ "CQ"  "C" "sp2" }
>> 	{ "CD"  "C" "sp2" }
>> 	{ "C5"  "C" "sp2" }
>> 	{ "C4"  "C" "sp2" }
>> 	{ "CP"  "C" "sp2" }
>> 	{ "CI"  "C" "sp3" }
>> 	{ "CJ"  "C" "sp2" }
>> 	{ "CW"  "C" "sp2" }
>> 	{ "CV"  "C" "sp2" }
>> 	{ "CR"  "C" "sp2" }
>> 	{ "CA"  "C" "sp2" }
>> 	{ "CY"  "C" "sp2" }
>> 	{ "C0"  "Ca" "sp3" }
>> 	{ "MG"  "Mg" "sp3" }
>> 	{ "N"   "N" "sp2" }
>> 	{ "NA"  "N" "sp2" }
>> 	{ "N2"  "N" "sp2" }
>> 	{ "N*"  "N" "sp2" }
>> 	{ "NP"  "N" "sp2" }
>> 	{ "NQ"  "N" "sp2" }
>> 	{ "NB"  "N" "sp2" }
>> 	{ "NC"  "N" "sp2" }
>> 	{ "NT"  "N" "sp3" }
>> 	{ "NY"  "N" "sp2" }
>> 	{ "N3"  "N" "sp3" }
>> 	{ "S"   "S" "sp3" }
>> 	{ "SH"  "S" "sp3" }
>> 	{ "P"   "P" "sp3" }
>> 	{ "LP"  ""  "sp3" }
>> 	{ "EP"  ""  "sp3" }
>> 	{ "F"   "F" "sp3" }
>> 	{ "Cl"  "Cl" "sp3" }
>> 	{ "Br"  "Br" "sp3" }
>> 	{ "I"   "I"  "sp3" }
>> }
>> #
>> #	Load the main parameter set.
>> #
>> parm10 = loadamberparams parm10.dat
Loading parameters: ${HPC_WORKSPACE}/miniconda3/envs/mdprep/dat/leap/parm/parm10.dat
Reading title:
PARM99 + frcmod.ff99SB + frcmod.parmbsc0 + OL3 for RNA
>> frcmod14SB = loadamberparams frcmod.ff14SB
Loading parameters: ${HPC_WORKSPACE}/miniconda3/envs/mdprep/dat/leap/parm/frcmod.ff14SB
Reading force field modification type file (frcmod)
Reading title:
ff14SB protein backbone and sidechain parameters
>> #
>> #	Load main chain and terminating amino acid libraries
>> #
>> loadOff amino12.lib
Loading library: ${HPC_WORKSPACE}/miniconda3/envs/mdprep/dat/leap/lib/amino12.lib
Loading: ALA
Loading: ARG
Loading: ASH
Loading: ASN
Loading: ASP
Loading: CYM
Loading: CYS
Loading: CYX
Loading: GLH
Loading: GLN
Loading: GLU
Loading: GLY
Loading: HID
Loading: HIE
Loading: HIP
Loading: HYP
Loading: ILE
Loading: LEU
Loading: LYN
Loading: LYS
Loading: MET
Loading: PHE
Loading: PRO
Loading: SER
Loading: THR
Loading: TRP
Loading: TYR
Loading: VAL
>> loadOff aminoct12.lib
Loading library: ${HPC_WORKSPACE}/miniconda3/envs/mdprep/dat/leap/lib/aminoct12.lib
Loading: CALA
Loading: CARG
Loading: CASN
Loading: CASP
Loading: CCYS
Loading: CCYX
Loading: CGLN
Loading: CGLU
Loading: CGLY
Loading: CHID
Loading: CHIE
Loading: CHIP
Loading: CHYP
Loading: CILE
Loading: CLEU
Loading: CLYS
Loading: CMET
Loading: CPHE
Loading: CPRO
Loading: CSER
Loading: CTHR
Loading: CTRP
Loading: CTYR
Loading: CVAL
Loading: NHE
Loading: NME
>> loadOff aminont12.lib
Loading library: ${HPC_WORKSPACE}/miniconda3/envs/mdprep/dat/leap/lib/aminont12.lib
Loading: ACE
Loading: NALA
Loading: NARG
Loading: NASN
Loading: NASP
Loading: NCYS
Loading: NCYX
Loading: NGLN
Loading: NGLU
Loading: NGLY
Loading: NHID
Loading: NHIE
Loading: NHIP
Loading: NILE
Loading: NLEU
Loading: NLYS
Loading: NMET
Loading: NPHE
Loading: NPRO
Loading: NSER
Loading: NTHR
Loading: NTRP
Loading: NTYR
Loading: NVAL
>> 
>> #
>> #	Define the PDB name map for the amino acids
>> #
>> addPdbResMap {
>>   { 0 "HYP" "HYP" } { 1 "HYP" "CHYP" }
>>   { 0 "ALA" "NALA" } { 1 "ALA" "CALA" }
>>   { 0 "ARG" "NARG" } { 1 "ARG" "CARG" }
>>   { 0 "ASN" "NASN" } { 1 "ASN" "CASN" }
>>   { 0 "ASP" "NASP" } { 1 "ASP" "CASP" }
>>   { 0 "CYS" "NCYS" } { 1 "CYS" "CCYS" }
>>   { 0 "CYX" "NCYX" } { 1 "CYX" "CCYX" }
>>   { 0 "GLN" "NGLN" } { 1 "GLN" "CGLN" }
>>   { 0 "GLU" "NGLU" } { 1 "GLU" "CGLU" }
>>   { 0 "GLY" "NGLY" } { 1 "GLY" "CGLY" }
>>   { 0 "HID" "NHID" } { 1 "HID" "CHID" }
>>   { 0 "HIE" "NHIE" } { 1 "HIE" "CHIE" }
>>   { 0 "HIP" "NHIP" } { 1 "HIP" "CHIP" }
>>   { 0 "ILE" "NILE" } { 1 "ILE" "CILE" }
>>   { 0 "LEU" "NLEU" } { 1 "LEU" "CLEU" }
>>   { 0 "LYS" "NLYS" } { 1 "LYS" "CLYS" }
>>   { 0 "MET" "NMET" } { 1 "MET" "CMET" }
>>   { 0 "PHE" "NPHE" } { 1 "PHE" "CPHE" }
>>   { 0 "PRO" "NPRO" } { 1 "PRO" "CPRO" }
>>   { 0 "SER" "NSER" } { 1 "SER" "CSER" }
>>   { 0 "THR" "NTHR" } { 1 "THR" "CTHR" }
>>   { 0 "TRP" "NTRP" } { 1 "TRP" "CTRP" }
>>   { 0 "TYR" "NTYR" } { 1 "TYR" "CTYR" }
>>   { 0 "VAL" "NVAL" } { 1 "VAL" "CVAL" }
>>   { 0 "HIS" "NHIS" } { 1 "HIS" "CHIS" }
>> }
>> 
>> #
>> # assume that most often proteins use HIE
>> #
>> NHIS = NHIE
>> HIS = HIE
>> CHIS = CHIE
> 
> source leaprc.water.tip3p
----- Source: ${HPC_WORKSPACE}/miniconda3/envs/mdprep/dat/leap/cmd/leaprc.water.tip3p
----- Source of ${HPC_WORKSPACE}/miniconda3/envs/mdprep/dat/leap/cmd/leaprc.water.tip3p done
>> #
>> #       Load water and ions for TIP3P + Li/Merz monovalent ions 
>> #       + Joung-Chetham monovalent ions
>> #       + Li/Merz highly charged ions (+2 to +4, 12-6 normal usage set)
>> #
>> #       Note: the Li/Merz monovalent set is loaded only to get Tl+,
>> #          Cu+, Ag+ NH4+, H3O+.  Since we load Joung-Cheatham second,
>> #          the alkali halide parameters come from the Joung-Cheatham set
>> #
>> addAtomTypes {
>> 	{ "HW"  "H" "sp3" }
>> 	{ "OW"  "O" "sp3" }
>> 	{ "F-"   "F" "sp3" }
>> 	{ "Cl-"  "Cl" "sp3" }
>> 	{ "Br-"  "Br" "sp3" }
>> 	{ "I-"   "I"  "sp3" }
>> 	{ "Li+"  "Li"  "sp3" }
>> 	{ "Na+"  "Na"  "sp3" }
>> 	{ "K+"  "K"  "sp3" }
>> 	{ "Rb+"  "Rb"  "sp3" }
>> 	{ "Cs+"  "Cs"  "sp3" }
>> 	{ "Mg+"  "Mg"  "sp3" }
>>     { "Tl+"  "Tl"  "sp3" }
>>     { "Cu+"  "Cu"  "sp3" }
>>     { "Ag+"  "Ag"  "sp3" }
>>     { "NH4+"  "N"  "sp3" }
>>     { "H3O+"  "O"  "sp3" }
>>     { "Be2+" "Be"  "sp3" }
>>     { "Cu2+" "Cu"  "sp3" }
>>     { "Ni2+" "Ni"  "sp3" }
>>     { "Pt2+" "Pt"  "sp3" }
>>     { "Zn2+" "Zn"  "sp3" }
>>     { "Co2+" "Co"  "sp3" }
>>     { "Pd2+" "Pd"  "sp3" }
>>     { "Ag2+" "Ag"  "sp3" }
>>     { "Cr2+" "Cr"  "sp3" }
>>     { "Fe2+" "Fe"  "sp3" }
>>     { "Mg2+" "Mg"  "sp3" }
>>     { "V2+"  "V"   "sp3" }
>>     { "Mn2+" "Mn"  "sp3" }
>>     { "Hg2+" "Hg"  "sp3" }
>>     { "Cd2+" "Cd"  "sp3" }
>>     { "Yb2+" "Yb"  "sp3" }
>>     { "Ca2+" "Ca"  "sp3" }
>>     { "Sn2+" "Sn"  "sp3" }
>>     { "Pb2+" "Pb"  "sp3" }
>>     { "Eu2+" "Eu"  "sp3" }
>>     { "Sr2+" "Sr"  "sp3" }
>>     { "Sm2+" "Sm"  "sp3" }
>>     { "Ba2+" "Ba"  "sp3" }
>>     { "Ra2+" "Ra"  "sp3" }
>>     { "Al3+" "Al"  "sp3" }
>>     { "Fe3+" "Fe"  "sp3" }
>>     { "Cr3+" "Cr"  "sp3" }
>>     { "In3+" "In"  "sp3" }
>>     { "Tl3+" "Tl"  "sp3" }
>>     { "Y3+"  "Y"   "sp3" }
>>     { "La3+" "La"  "sp3" }
>>     { "Ce3+" "Ce"  "sp3" }
>>     { "Pr3+" "Pr"  "sp3" }
>>     { "Nd3+" "Nd"  "sp3" }
>>     { "Sm3+" "Sm"  "sp3" }
>>     { "Eu3+" "Eu"  "sp3" }
>>     { "Gd3+" "Gd"  "sp3" }
>>     { "Tb3+" "Tb"  "sp3" }
>>     { "Dy3+" "Dy"  "sp3" }
>>     { "Er3+" "Er"  "sp3" }
>>     { "Tm3+" "Tm"  "sp3" }
>>     { "Lu3+" "Lu"  "sp3" }
>>     { "Hf4+" "Hf"  "sp3" }
>>     { "Zr4+" "Zr"  "sp3" }
>>     { "Ce4+" "Ce"  "sp3" }
>>     { "U4+"  "U"   "sp3" }
>>     { "Pu4+" "Pu"  "sp3" }
>>     { "Th4+" "Th"  "sp3" }
>> }
>> loadOff atomic_ions.lib
Loading library: ${HPC_WORKSPACE}/miniconda3/envs/mdprep/dat/leap/lib/atomic_ions.lib
Loading: AG
Loading: AL
Loading: Ag
Loading: BA
Loading: BR
Loading: Be
Loading: CA
Loading: CD
Loading: CE
Loading: CL
Loading: CO
Loading: CR
Loading: CS
Loading: CU
Loading: CU1
Loading: Ce
Loading: Cl-
Loading: Cr
Loading: Dy
Loading: EU
Loading: EU3
Loading: Er
Loading: F
Loading: FE
Loading: FE2
Loading: GD3
Loading: H3O+
Loading: HE+
Loading: HG
Loading: HZ+
Loading: Hf
Loading: IN
Loading: IOD
Loading: K
Loading: K+
Loading: LA
Loading: LI
Loading: LU
Loading: MG
Loading: MN
Loading: NA
Loading: NH4
Loading: NI
Loading: Na+
Loading: Nd
Loading: PB
Loading: PD
Loading: PR
Loading: PT
Loading: Pu
Loading: RB
Loading: Ra
Loading: SM
Loading: SR
Loading: Sm
Loading: Sn
Loading: TB
Loading: TL
Loading: Th
Loading: Tl
Loading: Tm
Loading: U4+
Loading: V2+
Loading: Y
Loading: YB2
Loading: ZN
Loading: Zr
>> loadOff solvents.lib
Loading library: ${HPC_WORKSPACE}/miniconda3/envs/mdprep/dat/leap/lib/solvents.lib
Loading: CHCL3BOX
Loading: DC4
Loading: FB3
Loading: FB3BOX
Loading: FB4
Loading: FB4BOX
Loading: MEOHBOX
Loading: NMABOX
Loading: O3P
Loading: OP3
Loading: OPC
Loading: OPC3BOX
Loading: OPC3POLBOX
Loading: OPCBOX
Loading: PL3
Loading: POL3BOX
Loading: QSPCFWBOX
Loading: SPC
Loading: SPCBOX
Loading: SPCFWBOX
Loading: SPF
Loading: SPG
Loading: T4E
Loading: TIP3PBOX
Loading: TIP3PFBOX
Loading: TIP4PBOX
Loading: TIP4PEWBOX
Loading: TIP5PBOX
Loading: TP3
Loading: TP4
Loading: TP5
Loading: TPF
>> HOH = TP3
>> WAT = TP3
>> loadAmberParams frcmod.tip3p
Loading parameters: ${HPC_WORKSPACE}/miniconda3/envs/mdprep/dat/leap/parm/frcmod.tip3p
Reading force field modification type file (frcmod)
Reading title:
This is the additional/replacement parameter set for TIP3P water
>> loadAmberParams frcmod.ions1lm_126_tip3p
Loading parameters: ${HPC_WORKSPACE}/miniconda3/envs/mdprep/dat/leap/parm/frcmod.ions1lm_126_tip3p
Reading force field modification type file (frcmod)
Reading title:
Li/Merz ion parameters of monovalent ions for TIP3P water model (12-6 normal usage set)
>> loadAmberParams frcmod.ionsjc_tip3p
Loading parameters: ${HPC_WORKSPACE}/miniconda3/envs/mdprep/dat/leap/parm/frcmod.ionsjc_tip3p
Reading force field modification type file (frcmod)
Reading title:
Monovalent ion parameters for Ewald and TIP3P water from Joung & Cheatham JPCB (2008)
>> loadAmberParams frcmod.ions234lm_126_tip3p
Loading parameters: ${HPC_WORKSPACE}/miniconda3/envs/mdprep/dat/leap/parm/frcmod.ions234lm_126_tip3p
Reading force field modification type file (frcmod)
Reading title:
Li/Merz ion parameters of divalent to tetravalent ions for TIP3P water model (12-6 normal usage set)
>> 
> 
> 
> loadamberparams ../input/cofactors_params/frcmod.phos
Loading parameters: ../input/cofactors_params/frcmod.phos
Reading force field modification type file (frcmod)
Reading title:
#  Modifications to the AMBER94 force field for polyphosphates
(UNKNOWN ATOM TYPE: O3)
> loadamberprep   ../input/cofactors_params/ATP.prep
Loading Prep file: ../input/cofactors_params/ATP.prep
(UNKNOWN ATOM TYPE: O3)
(UNKNOWN ATOM TYPE: O3)
(UNKNOWN ATOM TYPE: O3)
Loaded UNIT: atp
> loadamberprep   ../input/cofactors_params/ADP.prep
Loading Prep file: ../input/cofactors_params/ADP.prep
(UNKNOWN ATOM TYPE: O3)
(UNKNOWN ATOM TYPE: O3)
(UNKNOWN ATOM TYPE: O3)
Loaded UNIT: adp
> 
> cof = loadpdb cofactors_gtp_gdp_mg_ambernames.pdb
Loading PDB file: ./cofactors_gtp_gdp_mg_ambernames.pdb
 (starting new molecule for chain B)
Matching PDB residue names to LEaP variables.

${HPC_WORKSPACE}/miniconda3/envs/mdprep/bin/teLeap: Warning!
Unknown residue: GTP   number: 0   type: Terminal/beginning
..relaxing end constraints to try for a dbase match

${HPC_WORKSPACE}/miniconda3/envs/mdprep/bin/teLeap: Warning!
  -no luck

${HPC_WORKSPACE}/miniconda3/envs/mdprep/bin/teLeap: Warning!
Unknown residue: GDP   number: 2   type: Terminal/last
..relaxing end constraints to try for a dbase match

${HPC_WORKSPACE}/miniconda3/envs/mdprep/bin/teLeap: Warning!
  -no luck
Creating new UNIT for residue: GTP sequence: 501
Created a new atom named: PG within residue: .R<GTP 501>
Created a new atom named: O1G within residue: .R<GTP 501>
Created a new atom named: O2G within residue: .R<GTP 501>
Created a new atom named: O3G within residue: .R<GTP 501>
Created a new atom named: O3B within residue: .R<GTP 501>
Created a new atom named: PB within residue: .R<GTP 501>
Created a new atom named: O1B within residue: .R<GTP 501>
Created a new atom named: O2B within residue: .R<GTP 501>
Created a new atom named: O3A within residue: .R<GTP 501>
Created a new atom named: PA within residue: .R<GTP 501>
Created a new atom named: O1A within residue: .R<GTP 501>
Created a new atom named: O2A within residue: .R<GTP 501>
Created a new atom named: O5* within residue: .R<GTP 501>
Created a new atom named: C5* within residue: .R<GTP 501>
Created a new atom named: C4* within residue: .R<GTP 501>
Created a new atom named: O4* within residue: .R<GTP 501>
Created a new atom named: C3* within residue: .R<GTP 501>
Created a new atom named: O3* within residue: .R<GTP 501>
Created a new atom named: C2* within residue: .R<GTP 501>
Created a new atom named: O2* within residue: .R<GTP 501>
Created a new atom named: C1* within residue: .R<GTP 501>
Created a new atom named: N9 within residue: .R<GTP 501>
Created a new atom named: C8 within residue: .R<GTP 501>
Created a new atom named: N7 within residue: .R<GTP 501>
Created a new atom named: C5 within residue: .R<GTP 501>
Created a new atom named: C6 within residue: .R<GTP 501>
Created a new atom named: O6 within residue: .R<GTP 501>
Created a new atom named: N1 within residue: .R<GTP 501>
Created a new atom named: C2 within residue: .R<GTP 501>
Created a new atom named: N2 within residue: .R<GTP 501>
Created a new atom named: N3 within residue: .R<GTP 501>
Created a new atom named: C4 within residue: .R<GTP 501>
Starting new chain with MG
Creating new UNIT for residue: GDP sequence: 503
Created a new atom named: PB within residue: .R<GDP 503>
Created a new atom named: O1B within residue: .R<GDP 503>
Created a new atom named: O2B within residue: .R<GDP 503>
Created a new atom named: O3B within residue: .R<GDP 503>
Created a new atom named: O3A within residue: .R<GDP 503>
Created a new atom named: PA within residue: .R<GDP 503>
Created a new atom named: O1A within residue: .R<GDP 503>
Created a new atom named: O2A within residue: .R<GDP 503>
Created a new atom named: O5* within residue: .R<GDP 503>
Created a new atom named: C5* within residue: .R<GDP 503>
Created a new atom named: C4* within residue: .R<GDP 503>
Created a new atom named: O4* within residue: .R<GDP 503>
Created a new atom named: C3* within residue: .R<GDP 503>
Created a new atom named: O3* within residue: .R<GDP 503>
Created a new atom named: C2* within residue: .R<GDP 503>
Created a new atom named: O2* within residue: .R<GDP 503>
Created a new atom named: C1* within residue: .R<GDP 503>
Created a new atom named: N9 within residue: .R<GDP 503>
Created a new atom named: C8 within residue: .R<GDP 503>
Created a new atom named: N7 within residue: .R<GDP 503>
Created a new atom named: C5 within residue: .R<GDP 503>
Created a new atom named: C6 within residue: .R<GDP 503>
Created a new atom named: O6 within residue: .R<GDP 503>
Created a new atom named: N1 within residue: .R<GDP 503>
Created a new atom named: C2 within residue: .R<GDP 503>
Created a new atom named: N2 within residue: .R<GDP 503>
Created a new atom named: N3 within residue: .R<GDP 503>
Created a new atom named: C4 within residue: .R<GDP 503>
  total atoms in file: 61
  The file contained 60 atoms not in residue templates
> check cof
Checking 'cof'....

${HPC_WORKSPACE}/miniconda3/envs/mdprep/bin/teLeap: Warning!
The unperturbed charge of the unit (2.000000) is not zero.
FATAL:  Atom .R<GTP 501>.A<PG 1> does not have a type.
FATAL:  Atom .R<GTP 501>.A<O1G 2> does not have a type.
FATAL:  Atom .R<GTP 501>.A<O2G 3> does not have a type.
FATAL:  Atom .R<GTP 501>.A<O3G 4> does not have a type.
FATAL:  Atom .R<GTP 501>.A<O3B 5> does not have a type.
FATAL:  Atom .R<GTP 501>.A<PB 6> does not have a type.
FATAL:  Atom .R<GTP 501>.A<O1B 7> does not have a type.
FATAL:  Atom .R<GTP 501>.A<O2B 8> does not have a type.
FATAL:  Atom .R<GTP 501>.A<O3A 9> does not have a type.
FATAL:  Atom .R<GTP 501>.A<PA 10> does not have a type.
FATAL:  Atom .R<GTP 501>.A<O1A 11> does not have a type.
FATAL:  Atom .R<GTP 501>.A<O2A 12> does not have a type.
FATAL:  Atom .R<GTP 501>.A<O5* 13> does not have a type.
FATAL:  Atom .R<GTP 501>.A<C5* 14> does not have a type.
FATAL:  Atom .R<GTP 501>.A<C4* 15> does not have a type.
FATAL:  Atom .R<GTP 501>.A<O4* 16> does not have a type.
FATAL:  Atom .R<GTP 501>.A<C3* 17> does not have a type.
FATAL:  Atom .R<GTP 501>.A<O3* 18> does not have a type.
FATAL:  Atom .R<GTP 501>.A<C2* 19> does not have a type.
FATAL:  Atom .R<GTP 501>.A<O2* 20> does not have a type.
FATAL:  Atom .R<GTP 501>.A<C1* 21> does not have a type.
FATAL:  Atom .R<GTP 501>.A<N9 22> does not have a type.
FATAL:  Atom .R<GTP 501>.A<C8 23> does not have a type.
FATAL:  Atom .R<GTP 501>.A<N7 24> does not have a type.
FATAL:  Atom .R<GTP 501>.A<C5 25> does not have a type.
FATAL:  Atom .R<GTP 501>.A<C6 26> does not have a type.
FATAL:  Atom .R<GTP 501>.A<O6 27> does not have a type.
FATAL:  Atom .R<GTP 501>.A<N1 28> does not have a type.
FATAL:  Atom .R<GTP 501>.A<C2 29> does not have a type.
FATAL:  Atom .R<GTP 501>.A<N2 30> does not have a type.
FATAL:  Atom .R<GTP 501>.A<N3 31> does not have a type.
FATAL:  Atom .R<GTP 501>.A<C4 32> does not have a type.
FATAL:  Atom .R<GDP 503>.A<PB 1> does not have a type.
FATAL:  Atom .R<GDP 503>.A<O1B 2> does not have a type.
FATAL:  Atom .R<GDP 503>.A<O2B 3> does not have a type.
FATAL:  Atom .R<GDP 503>.A<O3B 4> does not have a type.
FATAL:  Atom .R<GDP 503>.A<O3A 5> does not have a type.
FATAL:  Atom .R<GDP 503>.A<PA 6> does not have a type.
FATAL:  Atom .R<GDP 503>.A<O1A 7> does not have a type.
FATAL:  Atom .R<GDP 503>.A<O2A 8> does not have a type.
FATAL:  Atom .R<GDP 503>.A<O5* 9> does not have a type.
FATAL:  Atom .R<GDP 503>.A<C5* 10> does not have a type.
FATAL:  Atom .R<GDP 503>.A<C4* 11> does not have a type.
FATAL:  Atom .R<GDP 503>.A<O4* 12> does not have a type.
FATAL:  Atom .R<GDP 503>.A<C3* 13> does not have a type.
FATAL:  Atom .R<GDP 503>.A<O3* 14> does not have a type.
FATAL:  Atom .R<GDP 503>.A<C2* 15> does not have a type.
FATAL:  Atom .R<GDP 503>.A<O2* 16> does not have a type.
FATAL:  Atom .R<GDP 503>.A<C1* 17> does not have a type.
FATAL:  Atom .R<GDP 503>.A<N9 18> does not have a type.
FATAL:  Atom .R<GDP 503>.A<C8 19> does not have a type.
FATAL:  Atom .R<GDP 503>.A<N7 20> does not have a type.
FATAL:  Atom .R<GDP 503>.A<C5 21> does not have a type.
FATAL:  Atom .R<GDP 503>.A<C6 22> does not have a type.
FATAL:  Atom .R<GDP 503>.A<O6 23> does not have a type.
FATAL:  Atom .R<GDP 503>.A<N1 24> does not have a type.
FATAL:  Atom .R<GDP 503>.A<C2 25> does not have a type.
FATAL:  Atom .R<GDP 503>.A<N2 26> does not have a type.
FATAL:  Atom .R<GDP 503>.A<N3 27> does not have a type.
FATAL:  Atom .R<GDP 503>.A<C4 28> does not have a type.

${HPC_WORKSPACE}/miniconda3/envs/mdprep/bin/teLeap: Warning!
Close contact of 1.412 angstroms between nonbonded atoms O5* and C5*
-------  .R<GTP 501>.A<O5* 13> and .R<GTP 501>.A<C5* 14>

${HPC_WORKSPACE}/miniconda3/envs/mdprep/bin/teLeap: Warning!
Close contact of 1.411 angstroms between nonbonded atoms C4* and O4*
-------  .R<GTP 501>.A<C4* 15> and .R<GTP 501>.A<O4* 16>

${HPC_WORKSPACE}/miniconda3/envs/mdprep/bin/teLeap: Warning!
Close contact of 1.412 angstroms between nonbonded atoms O4* and C1*
-------  .R<GTP 501>.A<O4* 16> and .R<GTP 501>.A<C1* 21>

${HPC_WORKSPACE}/miniconda3/envs/mdprep/bin/teLeap: Warning!
Close contact of 1.408 angstroms between nonbonded atoms C3* and O3*
-------  .R<GTP 501>.A<C3* 17> and .R<GTP 501>.A<O3* 18>

${HPC_WORKSPACE}/miniconda3/envs/mdprep/bin/teLeap: Warning!
Close contact of 1.408 angstroms between nonbonded atoms C2* and O2*
-------  .R<GTP 501>.A<C2* 19> and .R<GTP 501>.A<O2* 20>

${HPC_WORKSPACE}/miniconda3/envs/mdprep/bin/teLeap: Warning!
Close contact of 1.474 angstroms between nonbonded atoms C1* and N9
-------  .R<GTP 501>.A<C1* 21> and .R<GTP 501>.A<N9 22>

${HPC_WORKSPACE}/miniconda3/envs/mdprep/bin/teLeap: Warning!
Close contact of 1.370 angstroms between nonbonded atoms N9 and C8
-------  .R<GTP 501>.A<N9 22> and .R<GTP 501>.A<C8 23>

${HPC_WORKSPACE}/miniconda3/envs/mdprep/bin/teLeap: Warning!
Close contact of 1.372 angstroms between nonbonded atoms N9 and C4
-------  .R<GTP 501>.A<N9 22> and .R<GTP 501>.A<C4 32>

${HPC_WORKSPACE}/miniconda3/envs/mdprep/bin/teLeap: Warning!
Close contact of 1.352 angstroms between nonbonded atoms C8 and N7
-------  .R<GTP 501>.A<C8 23> and .R<GTP 501>.A<N7 24>

${HPC_WORKSPACE}/miniconda3/envs/mdprep/bin/teLeap: Warning!
Close contact of 1.351 angstroms between nonbonded atoms N7 and C5
-------  .R<GTP 501>.A<N7 24> and .R<GTP 501>.A<C5 25>

${HPC_WORKSPACE}/miniconda3/envs/mdprep/bin/teLeap: Warning!
Close contact of 1.388 angstroms between nonbonded atoms C5 and C6
-------  .R<GTP 501>.A<C5 25> and .R<GTP 501>.A<C6 26>

${HPC_WORKSPACE}/miniconda3/envs/mdprep/bin/teLeap: Warning!
Close contact of 1.387 angstroms between nonbonded atoms C5 and C4
-------  .R<GTP 501>.A<C5 25> and .R<GTP 501>.A<C4 32>

${HPC_WORKSPACE}/miniconda3/envs/mdprep/bin/teLeap: Warning!
Close contact of 1.229 angstroms between nonbonded atoms C6 and O6
-------  .R<GTP 501>.A<C6 26> and .R<GTP 501>.A<O6 27>

${HPC_WORKSPACE}/miniconda3/envs/mdprep/bin/teLeap: Warning!
Close contact of 1.380 angstroms between nonbonded atoms C6 and N1
-------  .R<GTP 501>.A<C6 26> and .R<GTP 501>.A<N1 28>

${HPC_WORKSPACE}/miniconda3/envs/mdprep/bin/teLeap: Warning!
Close contact of 1.381 angstroms between nonbonded atoms N1 and C2
-------  .R<GTP 501>.A<N1 28> and .R<GTP 501>.A<C2 29>

${HPC_WORKSPACE}/miniconda3/envs/mdprep/bin/teLeap: Warning!
Close contact of 1.331 angstroms between nonbonded atoms C2 and N2
-------  .R<GTP 501>.A<C2 29> and .R<GTP 501>.A<N2 30>

${HPC_WORKSPACE}/miniconda3/envs/mdprep/bin/teLeap: Warning!
Close contact of 1.381 angstroms between nonbonded atoms C2 and N3
-------  .R<GTP 501>.A<C2 29> and .R<GTP 501>.A<N3 31>

${HPC_WORKSPACE}/miniconda3/envs/mdprep/bin/teLeap: Warning!
Close contact of 1.355 angstroms between nonbonded atoms N3 and C4
-------  .R<GTP 501>.A<N3 31> and .R<GTP 501>.A<C4 32>

${HPC_WORKSPACE}/miniconda3/envs/mdprep/bin/teLeap: Warning!
Close contact of 1.425 angstroms between nonbonded atoms O5* and C5*
-------  .R<GDP 503>.A<O5* 9> and .R<GDP 503>.A<C5* 10>

${HPC_WORKSPACE}/miniconda3/envs/mdprep/bin/teLeap: Warning!
Close contact of 1.428 angstroms between nonbonded atoms C4* and O4*
-------  .R<GDP 503>.A<C4* 11> and .R<GDP 503>.A<O4* 12>

${HPC_WORKSPACE}/miniconda3/envs/mdprep/bin/teLeap: Warning!
Close contact of 1.429 angstroms between nonbonded atoms O4* and C1*
-------  .R<GDP 503>.A<O4* 12> and .R<GDP 503>.A<C1* 17>

${HPC_WORKSPACE}/miniconda3/envs/mdprep/bin/teLeap: Warning!
Close contact of 1.430 angstroms between nonbonded atoms C3* and O3*
-------  .R<GDP 503>.A<C3* 13> and .R<GDP 503>.A<O3* 14>

${HPC_WORKSPACE}/miniconda3/envs/mdprep/bin/teLeap: Warning!
Close contact of 1.430 angstroms between nonbonded atoms C2* and O2*
-------  .R<GDP 503>.A<C2* 15> and .R<GDP 503>.A<O2* 16>

${HPC_WORKSPACE}/miniconda3/envs/mdprep/bin/teLeap: Warning!
Close contact of 1.485 angstroms between nonbonded atoms C1* and N9
-------  .R<GDP 503>.A<C1* 17> and .R<GDP 503>.A<N9 18>

${HPC_WORKSPACE}/miniconda3/envs/mdprep/bin/teLeap: Warning!
Close contact of 1.347 angstroms between nonbonded atoms N9 and C8
-------  .R<GDP 503>.A<N9 18> and .R<GDP 503>.A<C8 19>

${HPC_WORKSPACE}/miniconda3/envs/mdprep/bin/teLeap: Warning!
Close contact of 1.334 angstroms between nonbonded atoms N9 and C4
-------  .R<GDP 503>.A<N9 18> and .R<GDP 503>.A<C4 28>

${HPC_WORKSPACE}/miniconda3/envs/mdprep/bin/teLeap: Warning!
Close contact of 1.357 angstroms between nonbonded atoms C8 and N7
-------  .R<GDP 503>.A<C8 19> and .R<GDP 503>.A<N7 20>

${HPC_WORKSPACE}/miniconda3/envs/mdprep/bin/teLeap: Warning!
Close contact of 1.347 angstroms between nonbonded atoms N7 and C5
-------  .R<GDP 503>.A<N7 20> and .R<GDP 503>.A<C5 21>

${HPC_WORKSPACE}/miniconda3/envs/mdprep/bin/teLeap: Warning!
Close contact of 1.482 angstroms between nonbonded atoms C5 and C6
-------  .R<GDP 503>.A<C5 21> and .R<GDP 503>.A<C6 22>

${HPC_WORKSPACE}/miniconda3/envs/mdprep/bin/teLeap: Warning!
Close contact of 1.470 angstroms between nonbonded atoms C5 and C4
-------  .R<GDP 503>.A<C5 21> and .R<GDP 503>.A<C4 28>

${HPC_WORKSPACE}/miniconda3/envs/mdprep/bin/teLeap: Warning!
Close contact of 1.249 angstroms between nonbonded atoms C6 and O6
-------  .R<GDP 503>.A<C6 22> and .R<GDP 503>.A<O6 23>

${HPC_WORKSPACE}/miniconda3/envs/mdprep/bin/teLeap: Warning!
Close contact of 1.339 angstroms between nonbonded atoms C6 and N1
-------  .R<GDP 503>.A<C6 22> and .R<GDP 503>.A<N1 24>

${HPC_WORKSPACE}/miniconda3/envs/mdprep/bin/teLeap: Warning!
Close contact of 1.347 angstroms between nonbonded atoms N1 and C2
-------  .R<GDP 503>.A<N1 24> and .R<GDP 503>.A<C2 25>

${HPC_WORKSPACE}/miniconda3/envs/mdprep/bin/teLeap: Warning!
Close contact of 1.355 angstroms between nonbonded atoms C2 and N2
-------  .R<GDP 503>.A<C2 25> and .R<GDP 503>.A<N2 26>

${HPC_WORKSPACE}/miniconda3/envs/mdprep/bin/teLeap: Warning!
Close contact of 1.357 angstroms between nonbonded atoms C2 and N3
-------  .R<GDP 503>.A<C2 25> and .R<GDP 503>.A<N3 27>

${HPC_WORKSPACE}/miniconda3/envs/mdprep/bin/teLeap: Warning!
Close contact of 1.354 angstroms between nonbonded atoms N3 and C4
-------  .R<GDP 503>.A<N3 27> and .R<GDP 503>.A<C4 28>
Checking parameters for unit 'cof'.
Checking for bond parameters.
Checking for angle parameters.
check:  Errors:  60   Warnings: 37
> charge cof
Total unperturbed charge:   2.000000
Total perturbed charge:     2.000000
> quit
	Quit

Exiting LEaP: Errors = 0; Warnings = 41; Notes = 0.
log started: Thu Apr 16 22:32:16 2026

Log file: ./leap.log
>> #
>> # ----- leaprc for loading the ff14SB force field
>> # ----- NOTE: this is designed for PDB format 3!
>> #
>> #	load atom type hybridizations
>> #
>> addAtomTypes {
>> 	{ "H"   "H" "sp3" }
>> 	{ "HO"  "H" "sp3" }
>> 	{ "HS"  "H" "sp3" }
>> 	{ "H1"  "H" "sp3" }
>> 	{ "H2"  "H" "sp3" }
>> 	{ "H3"  "H" "sp3" }
>> 	{ "H4"  "H" "sp3" }
>> 	{ "H5"  "H" "sp3" }
>> 	{ "HW"  "H" "sp3" }
>> 	{ "HC"  "H" "sp3" }
>> 	{ "HA"  "H" "sp3" }
>> 	{ "HP"  "H" "sp3" }
>> 	{ "HZ"  "H" "sp3" }
>> 	{ "OH"  "O" "sp3" }
>> 	{ "OS"  "O" "sp3" }
>> 	{ "O"   "O" "sp2" }
>> 	{ "O2"  "O" "sp2" }
>> 	{ "OP"  "O" "sp2" }
>> 	{ "OW"  "O" "sp3" }
>> 	{ "CT"  "C" "sp3" }
>> 	{ "CX"  "C" "sp3" }
>> 	{ "C8"  "C" "sp3" }
>> 	{ "2C"  "C" "sp3" }
>> 	{ "3C"  "C" "sp3" }
>> 	{ "CH"  "C" "sp3" }
>> 	{ "CS"  "C" "sp2" }
>> 	{ "C"   "C" "sp2" }
>> 	{ "CO"   "C" "sp2" }
>> 	{ "C*"  "C" "sp2" }
>> 	{ "CA"  "C" "sp2" }
>> 	{ "CB"  "C" "sp2" }
>> 	{ "CC"  "C" "sp2" }
>> 	{ "CN"  "C" "sp2" }
>> 	{ "CM"  "C" "sp2" }
>> 	{ "CK"  "C" "sp2" }
>> 	{ "CQ"  "C" "sp2" }
>> 	{ "CD"  "C" "sp2" }
>> 	{ "C5"  "C" "sp2" }
>> 	{ "C4"  "C" "sp2" }
>> 	{ "CP"  "C" "sp2" }
>> 	{ "CI"  "C" "sp3" }
>> 	{ "CJ"  "C" "sp2" }
>> 	{ "CW"  "C" "sp2" }
>> 	{ "CV"  "C" "sp2" }
>> 	{ "CR"  "C" "sp2" }
>> 	{ "CA"  "C" "sp2" }
>> 	{ "CY"  "C" "sp2" }
>> 	{ "C0"  "Ca" "sp3" }
>> 	{ "MG"  "Mg" "sp3" }
>> 	{ "N"   "N" "sp2" }
>> 	{ "NA"  "N" "sp2" }
>> 	{ "N2"  "N" "sp2" }
>> 	{ "N*"  "N" "sp2" }
>> 	{ "NP"  "N" "sp2" }
>> 	{ "NQ"  "N" "sp2" }
>> 	{ "NB"  "N" "sp2" }
>> 	{ "NC"  "N" "sp2" }
>> 	{ "NT"  "N" "sp3" }
>> 	{ "NY"  "N" "sp2" }
>> 	{ "N3"  "N" "sp3" }
>> 	{ "S"   "S" "sp3" }
>> 	{ "SH"  "S" "sp3" }
>> 	{ "P"   "P" "sp3" }
>> 	{ "LP"  ""  "sp3" }
>> 	{ "EP"  ""  "sp3" }
>> 	{ "F"   "F" "sp3" }
>> 	{ "Cl"  "Cl" "sp3" }
>> 	{ "Br"  "Br" "sp3" }
>> 	{ "I"   "I"  "sp3" }
>> }
>> #
>> #	Load the main parameter set.
>> #
>> parm10 = loadamberparams parm10.dat
Loading parameters: ${HPC_WORKSPACE}/miniconda3/envs/mdprep/dat/leap/parm/parm10.dat
Reading title:
PARM99 + frcmod.ff99SB + frcmod.parmbsc0 + OL3 for RNA
>> frcmod14SB = loadamberparams frcmod.ff14SB
Loading parameters: ${HPC_WORKSPACE}/miniconda3/envs/mdprep/dat/leap/parm/frcmod.ff14SB
Reading force field modification type file (frcmod)
Reading title:
ff14SB protein backbone and sidechain parameters
>> #
>> #	Load main chain and terminating amino acid libraries
>> #
>> loadOff amino12.lib
Loading library: ${HPC_WORKSPACE}/miniconda3/envs/mdprep/dat/leap/lib/amino12.lib
Loading: ALA
Loading: ARG
Loading: ASH
Loading: ASN
Loading: ASP
Loading: CYM
Loading: CYS
Loading: CYX
Loading: GLH
Loading: GLN
Loading: GLU
Loading: GLY
Loading: HID
Loading: HIE
Loading: HIP
Loading: HYP
Loading: ILE
Loading: LEU
Loading: LYN
Loading: LYS
Loading: MET
Loading: PHE
Loading: PRO
Loading: SER
Loading: THR
Loading: TRP
Loading: TYR
Loading: VAL
>> loadOff aminoct12.lib
Loading library: ${HPC_WORKSPACE}/miniconda3/envs/mdprep/dat/leap/lib/aminoct12.lib
Loading: CALA
Loading: CARG
Loading: CASN
Loading: CASP
Loading: CCYS
Loading: CCYX
Loading: CGLN
Loading: CGLU
Loading: CGLY
Loading: CHID
Loading: CHIE
Loading: CHIP
Loading: CHYP
Loading: CILE
Loading: CLEU
Loading: CLYS
Loading: CMET
Loading: CPHE
Loading: CPRO
Loading: CSER
Loading: CTHR
Loading: CTRP
Loading: CTYR
Loading: CVAL
Loading: NHE
Loading: NME
>> loadOff aminont12.lib
Loading library: ${HPC_WORKSPACE}/miniconda3/envs/mdprep/dat/leap/lib/aminont12.lib
Loading: ACE
Loading: NALA
Loading: NARG
Loading: NASN
Loading: NASP
Loading: NCYS
Loading: NCYX
Loading: NGLN
Loading: NGLU
Loading: NGLY
Loading: NHID
Loading: NHIE
Loading: NHIP
Loading: NILE
Loading: NLEU
Loading: NLYS
Loading: NMET
Loading: NPHE
Loading: NPRO
Loading: NSER
Loading: NTHR
Loading: NTRP
Loading: NTYR
Loading: NVAL
>> 
>> #
>> #	Define the PDB name map for the amino acids
>> #
>> addPdbResMap {
>>   { 0 "HYP" "HYP" } { 1 "HYP" "CHYP" }
>>   { 0 "ALA" "NALA" } { 1 "ALA" "CALA" }
>>   { 0 "ARG" "NARG" } { 1 "ARG" "CARG" }
>>   { 0 "ASN" "NASN" } { 1 "ASN" "CASN" }
>>   { 0 "ASP" "NASP" } { 1 "ASP" "CASP" }
>>   { 0 "CYS" "NCYS" } { 1 "CYS" "CCYS" }
>>   { 0 "CYX" "NCYX" } { 1 "CYX" "CCYX" }
>>   { 0 "GLN" "NGLN" } { 1 "GLN" "CGLN" }
>>   { 0 "GLU" "NGLU" } { 1 "GLU" "CGLU" }
>>   { 0 "GLY" "NGLY" } { 1 "GLY" "CGLY" }
>>   { 0 "HID" "NHID" } { 1 "HID" "CHID" }
>>   { 0 "HIE" "NHIE" } { 1 "HIE" "CHIE" }
>>   { 0 "HIP" "NHIP" } { 1 "HIP" "CHIP" }
>>   { 0 "ILE" "NILE" } { 1 "ILE" "CILE" }
>>   { 0 "LEU" "NLEU" } { 1 "LEU" "CLEU" }
>>   { 0 "LYS" "NLYS" } { 1 "LYS" "CLYS" }
>>   { 0 "MET" "NMET" } { 1 "MET" "CMET" }
>>   { 0 "PHE" "NPHE" } { 1 "PHE" "CPHE" }
>>   { 0 "PRO" "NPRO" } { 1 "PRO" "CPRO" }
>>   { 0 "SER" "NSER" } { 1 "SER" "CSER" }
>>   { 0 "THR" "NTHR" } { 1 "THR" "CTHR" }
>>   { 0 "TRP" "NTRP" } { 1 "TRP" "CTRP" }
>>   { 0 "TYR" "NTYR" } { 1 "TYR" "CTYR" }
>>   { 0 "VAL" "NVAL" } { 1 "VAL" "CVAL" }
>>   { 0 "HIS" "NHIS" } { 1 "HIS" "CHIS" }
>> }
>> 
>> #
>> # assume that most often proteins use HIE
>> #
>> NHIS = NHIE
>> HIS = HIE
>> CHIS = CHIE
> 
> source leaprc.water.tip3p
----- Source: ${HPC_WORKSPACE}/miniconda3/envs/mdprep/dat/leap/cmd/leaprc.water.tip3p
----- Source of ${HPC_WORKSPACE}/miniconda3/envs/mdprep/dat/leap/cmd/leaprc.water.tip3p done
>> #
>> #       Load water and ions for TIP3P + Li/Merz monovalent ions 
>> #       + Joung-Chetham monovalent ions
>> #       + Li/Merz highly charged ions (+2 to +4, 12-6 normal usage set)
>> #
>> #       Note: the Li/Merz monovalent set is loaded only to get Tl+,
>> #          Cu+, Ag+ NH4+, H3O+.  Since we load Joung-Cheatham second,
>> #          the alkali halide parameters come from the Joung-Cheatham set
>> #
>> addAtomTypes {
>> 	{ "HW"  "H" "sp3" }
>> 	{ "OW"  "O" "sp3" }
>> 	{ "F-"   "F" "sp3" }
>> 	{ "Cl-"  "Cl" "sp3" }
>> 	{ "Br-"  "Br" "sp3" }
>> 	{ "I-"   "I"  "sp3" }
>> 	{ "Li+"  "Li"  "sp3" }
>> 	{ "Na+"  "Na"  "sp3" }
>> 	{ "K+"  "K"  "sp3" }
>> 	{ "Rb+"  "Rb"  "sp3" }
>> 	{ "Cs+"  "Cs"  "sp3" }
>> 	{ "Mg+"  "Mg"  "sp3" }
>>     { "Tl+"  "Tl"  "sp3" }
>>     { "Cu+"  "Cu"  "sp3" }
>>     { "Ag+"  "Ag"  "sp3" }
>>     { "NH4+"  "N"  "sp3" }
>>     { "H3O+"  "O"  "sp3" }
>>     { "Be2+" "Be"  "sp3" }
>>     { "Cu2+" "Cu"  "sp3" }
>>     { "Ni2+" "Ni"  "sp3" }
>>     { "Pt2+" "Pt"  "sp3" }
>>     { "Zn2+" "Zn"  "sp3" }
>>     { "Co2+" "Co"  "sp3" }
>>     { "Pd2+" "Pd"  "sp3" }
>>     { "Ag2+" "Ag"  "sp3" }
>>     { "Cr2+" "Cr"  "sp3" }
>>     { "Fe2+" "Fe"  "sp3" }
>>     { "Mg2+" "Mg"  "sp3" }
>>     { "V2+"  "V"   "sp3" }
>>     { "Mn2+" "Mn"  "sp3" }
>>     { "Hg2+" "Hg"  "sp3" }
>>     { "Cd2+" "Cd"  "sp3" }
>>     { "Yb2+" "Yb"  "sp3" }
>>     { "Ca2+" "Ca"  "sp3" }
>>     { "Sn2+" "Sn"  "sp3" }
>>     { "Pb2+" "Pb"  "sp3" }
>>     { "Eu2+" "Eu"  "sp3" }
>>     { "Sr2+" "Sr"  "sp3" }
>>     { "Sm2+" "Sm"  "sp3" }
>>     { "Ba2+" "Ba"  "sp3" }
>>     { "Ra2+" "Ra"  "sp3" }
>>     { "Al3+" "Al"  "sp3" }
>>     { "Fe3+" "Fe"  "sp3" }
>>     { "Cr3+" "Cr"  "sp3" }
>>     { "In3+" "In"  "sp3" }
>>     { "Tl3+" "Tl"  "sp3" }
>>     { "Y3+"  "Y"   "sp3" }
>>     { "La3+" "La"  "sp3" }
>>     { "Ce3+" "Ce"  "sp3" }
>>     { "Pr3+" "Pr"  "sp3" }
>>     { "Nd3+" "Nd"  "sp3" }
>>     { "Sm3+" "Sm"  "sp3" }
>>     { "Eu3+" "Eu"  "sp3" }
>>     { "Gd3+" "Gd"  "sp3" }
>>     { "Tb3+" "Tb"  "sp3" }
>>     { "Dy3+" "Dy"  "sp3" }
>>     { "Er3+" "Er"  "sp3" }
>>     { "Tm3+" "Tm"  "sp3" }
>>     { "Lu3+" "Lu"  "sp3" }
>>     { "Hf4+" "Hf"  "sp3" }
>>     { "Zr4+" "Zr"  "sp3" }
>>     { "Ce4+" "Ce"  "sp3" }
>>     { "U4+"  "U"   "sp3" }
>>     { "Pu4+" "Pu"  "sp3" }
>>     { "Th4+" "Th"  "sp3" }
>> }
>> loadOff atomic_ions.lib
Loading library: ${HPC_WORKSPACE}/miniconda3/envs/mdprep/dat/leap/lib/atomic_ions.lib
Loading: AG
Loading: AL
Loading: Ag
Loading: BA
Loading: BR
Loading: Be
Loading: CA
Loading: CD
Loading: CE
Loading: CL
Loading: CO
Loading: CR
Loading: CS
Loading: CU
Loading: CU1
Loading: Ce
Loading: Cl-
Loading: Cr
Loading: Dy
Loading: EU
Loading: EU3
Loading: Er
Loading: F
Loading: FE
Loading: FE2
Loading: GD3
Loading: H3O+
Loading: HE+
Loading: HG
Loading: HZ+
Loading: Hf
Loading: IN
Loading: IOD
Loading: K
Loading: K+
Loading: LA
Loading: LI
Loading: LU
Loading: MG
Loading: MN
Loading: NA
Loading: NH4
Loading: NI
Loading: Na+
Loading: Nd
Loading: PB
Loading: PD
Loading: PR
Loading: PT
Loading: Pu
Loading: RB
Loading: Ra
Loading: SM
Loading: SR
Loading: Sm
Loading: Sn
Loading: TB
Loading: TL
Loading: Th
Loading: Tl
Loading: Tm
Loading: U4+
Loading: V2+
Loading: Y
Loading: YB2
Loading: ZN
Loading: Zr
>> loadOff solvents.lib
Loading library: ${HPC_WORKSPACE}/miniconda3/envs/mdprep/dat/leap/lib/solvents.lib
Loading: CHCL3BOX
Loading: DC4
Loading: FB3
Loading: FB3BOX
Loading: FB4
Loading: FB4BOX
Loading: MEOHBOX
Loading: NMABOX
Loading: O3P
Loading: OP3
Loading: OPC
Loading: OPC3BOX
Loading: OPC3POLBOX
Loading: OPCBOX
Loading: PL3
Loading: POL3BOX
Loading: QSPCFWBOX
Loading: SPC
Loading: SPCBOX
Loading: SPCFWBOX
Loading: SPF
Loading: SPG
Loading: T4E
Loading: TIP3PBOX
Loading: TIP3PFBOX
Loading: TIP4PBOX
Loading: TIP4PEWBOX
Loading: TIP5PBOX
Loading: TP3
Loading: TP4
Loading: TP5
Loading: TPF
>> HOH = TP3
>> WAT = TP3
>> loadAmberParams frcmod.tip3p
Loading parameters: ${HPC_WORKSPACE}/miniconda3/envs/mdprep/dat/leap/parm/frcmod.tip3p
Reading force field modification type file (frcmod)
Reading title:
This is the additional/replacement parameter set for TIP3P water
>> loadAmberParams frcmod.ions1lm_126_tip3p
Loading parameters: ${HPC_WORKSPACE}/miniconda3/envs/mdprep/dat/leap/parm/frcmod.ions1lm_126_tip3p
Reading force field modification type file (frcmod)
Reading title:
Li/Merz ion parameters of monovalent ions for TIP3P water model (12-6 normal usage set)
>> loadAmberParams frcmod.ionsjc_tip3p
Loading parameters: ${HPC_WORKSPACE}/miniconda3/envs/mdprep/dat/leap/parm/frcmod.ionsjc_tip3p
Reading force field modification type file (frcmod)
Reading title:
Monovalent ion parameters for Ewald and TIP3P water from Joung & Cheatham JPCB (2008)
>> loadAmberParams frcmod.ions234lm_126_tip3p
Loading parameters: ${HPC_WORKSPACE}/miniconda3/envs/mdprep/dat/leap/parm/frcmod.ions234lm_126_tip3p
Reading force field modification type file (frcmod)
Reading title:
Li/Merz ion parameters of divalent to tetravalent ions for TIP3P water model (12-6 normal usage set)
>> 
> 
> 
> loadamberparams ../input/cofactors_params/frcmod.phos
Loading parameters: ../input/cofactors_params/frcmod.phos
Reading force field modification type file (frcmod)
Reading title:
#  Modifications to the AMBER94 force field for polyphosphates
(UNKNOWN ATOM TYPE: O3)
> loadamberprep   ../input/cofactors_params/GTP.prep
Loading Prep file: ../input/cofactors_params/GTP.prep
(UNKNOWN ATOM TYPE: O3)
(UNKNOWN ATOM TYPE: O3)
(UNKNOWN ATOM TYPE: O3)
Loaded UNIT: gtp
> loadamberprep   ../input/cofactors_params/GDP.prep
Loading Prep file: ../input/cofactors_params/GDP.prep
(UNKNOWN ATOM TYPE: O3)
(UNKNOWN ATOM TYPE: O3)
(UNKNOWN ATOM TYPE: O3)
Loaded UNIT: gdp
> 
> cof = loadpdb cofactors_gtp_gdp_mg_ambernames.pdb
Loading PDB file: ./cofactors_gtp_gdp_mg_ambernames.pdb
 (starting new molecule for chain B)
Matching PDB residue names to LEaP variables.

${HPC_WORKSPACE}/miniconda3/envs/mdprep/bin/teLeap: Warning!
Unknown residue: GTP   number: 0   type: Terminal/beginning
..relaxing end constraints to try for a dbase match

${HPC_WORKSPACE}/miniconda3/envs/mdprep/bin/teLeap: Warning!
  -no luck

${HPC_WORKSPACE}/miniconda3/envs/mdprep/bin/teLeap: Warning!
Unknown residue: GDP   number: 2   type: Terminal/last
..relaxing end constraints to try for a dbase match

${HPC_WORKSPACE}/miniconda3/envs/mdprep/bin/teLeap: Warning!
  -no luck
Creating new UNIT for residue: GTP sequence: 501
Created a new atom named: PG within residue: .R<GTP 501>
Created a new atom named: O1G within residue: .R<GTP 501>
Created a new atom named: O2G within residue: .R<GTP 501>
Created a new atom named: O3G within residue: .R<GTP 501>
Created a new atom named: O3B within residue: .R<GTP 501>
Created a new atom named: PB within residue: .R<GTP 501>
Created a new atom named: O1B within residue: .R<GTP 501>
Created a new atom named: O2B within residue: .R<GTP 501>
Created a new atom named: O3A within residue: .R<GTP 501>
Created a new atom named: PA within residue: .R<GTP 501>
Created a new atom named: O1A within residue: .R<GTP 501>
Created a new atom named: O2A within residue: .R<GTP 501>
Created a new atom named: O5* within residue: .R<GTP 501>
Created a new atom named: C5* within residue: .R<GTP 501>
Created a new atom named: C4* within residue: .R<GTP 501>
Created a new atom named: O4* within residue: .R<GTP 501>
Created a new atom named: C3* within residue: .R<GTP 501>
Created a new atom named: O3* within residue: .R<GTP 501>
Created a new atom named: C2* within residue: .R<GTP 501>
Created a new atom named: O2* within residue: .R<GTP 501>
Created a new atom named: C1* within residue: .R<GTP 501>
Created a new atom named: N9 within residue: .R<GTP 501>
Created a new atom named: C8 within residue: .R<GTP 501>
Created a new atom named: N7 within residue: .R<GTP 501>
Created a new atom named: C5 within residue: .R<GTP 501>
Created a new atom named: C6 within residue: .R<GTP 501>
Created a new atom named: O6 within residue: .R<GTP 501>
Created a new atom named: N1 within residue: .R<GTP 501>
Created a new atom named: C2 within residue: .R<GTP 501>
Created a new atom named: N2 within residue: .R<GTP 501>
Created a new atom named: N3 within residue: .R<GTP 501>
Created a new atom named: C4 within residue: .R<GTP 501>
Starting new chain with MG
Creating new UNIT for residue: GDP sequence: 503
Created a new atom named: PB within residue: .R<GDP 503>
Created a new atom named: O1B within residue: .R<GDP 503>
Created a new atom named: O2B within residue: .R<GDP 503>
Created a new atom named: O3B within residue: .R<GDP 503>
Created a new atom named: O3A within residue: .R<GDP 503>
Created a new atom named: PA within residue: .R<GDP 503>
Created a new atom named: O1A within residue: .R<GDP 503>
Created a new atom named: O2A within residue: .R<GDP 503>
Created a new atom named: O5* within residue: .R<GDP 503>
Created a new atom named: C5* within residue: .R<GDP 503>
Created a new atom named: C4* within residue: .R<GDP 503>
Created a new atom named: O4* within residue: .R<GDP 503>
Created a new atom named: C3* within residue: .R<GDP 503>
Created a new atom named: O3* within residue: .R<GDP 503>
Created a new atom named: C2* within residue: .R<GDP 503>
Created a new atom named: O2* within residue: .R<GDP 503>
Created a new atom named: C1* within residue: .R<GDP 503>
Created a new atom named: N9 within residue: .R<GDP 503>
Created a new atom named: C8 within residue: .R<GDP 503>
Created a new atom named: N7 within residue: .R<GDP 503>
Created a new atom named: C5 within residue: .R<GDP 503>
Created a new atom named: C6 within residue: .R<GDP 503>
Created a new atom named: O6 within residue: .R<GDP 503>
Created a new atom named: N1 within residue: .R<GDP 503>
Created a new atom named: C2 within residue: .R<GDP 503>
Created a new atom named: N2 within residue: .R<GDP 503>
Created a new atom named: N3 within residue: .R<GDP 503>
Created a new atom named: C4 within residue: .R<GDP 503>
  total atoms in file: 61
  The file contained 60 atoms not in residue templates
> check cof
Checking 'cof'....

${HPC_WORKSPACE}/miniconda3/envs/mdprep/bin/teLeap: Warning!
The unperturbed charge of the unit (2.000000) is not zero.
FATAL:  Atom .R<GTP 501>.A<PG 1> does not have a type.
FATAL:  Atom .R<GTP 501>.A<O1G 2> does not have a type.
FATAL:  Atom .R<GTP 501>.A<O2G 3> does not have a type.
FATAL:  Atom .R<GTP 501>.A<O3G 4> does not have a type.
FATAL:  Atom .R<GTP 501>.A<O3B 5> does not have a type.
FATAL:  Atom .R<GTP 501>.A<PB 6> does not have a type.
FATAL:  Atom .R<GTP 501>.A<O1B 7> does not have a type.
FATAL:  Atom .R<GTP 501>.A<O2B 8> does not have a type.
FATAL:  Atom .R<GTP 501>.A<O3A 9> does not have a type.
FATAL:  Atom .R<GTP 501>.A<PA 10> does not have a type.
FATAL:  Atom .R<GTP 501>.A<O1A 11> does not have a type.
FATAL:  Atom .R<GTP 501>.A<O2A 12> does not have a type.
FATAL:  Atom .R<GTP 501>.A<O5* 13> does not have a type.
FATAL:  Atom .R<GTP 501>.A<C5* 14> does not have a type.
FATAL:  Atom .R<GTP 501>.A<C4* 15> does not have a type.
FATAL:  Atom .R<GTP 501>.A<O4* 16> does not have a type.
FATAL:  Atom .R<GTP 501>.A<C3* 17> does not have a type.
FATAL:  Atom .R<GTP 501>.A<O3* 18> does not have a type.
FATAL:  Atom .R<GTP 501>.A<C2* 19> does not have a type.
FATAL:  Atom .R<GTP 501>.A<O2* 20> does not have a type.
FATAL:  Atom .R<GTP 501>.A<C1* 21> does not have a type.
FATAL:  Atom .R<GTP 501>.A<N9 22> does not have a type.
FATAL:  Atom .R<GTP 501>.A<C8 23> does not have a type.
FATAL:  Atom .R<GTP 501>.A<N7 24> does not have a type.
FATAL:  Atom .R<GTP 501>.A<C5 25> does not have a type.
FATAL:  Atom .R<GTP 501>.A<C6 26> does not have a type.
FATAL:  Atom .R<GTP 501>.A<O6 27> does not have a type.
FATAL:  Atom .R<GTP 501>.A<N1 28> does not have a type.
FATAL:  Atom .R<GTP 501>.A<C2 29> does not have a type.
FATAL:  Atom .R<GTP 501>.A<N2 30> does not have a type.
FATAL:  Atom .R<GTP 501>.A<N3 31> does not have a type.
FATAL:  Atom .R<GTP 501>.A<C4 32> does not have a type.
FATAL:  Atom .R<GDP 503>.A<PB 1> does not have a type.
FATAL:  Atom .R<GDP 503>.A<O1B 2> does not have a type.
FATAL:  Atom .R<GDP 503>.A<O2B 3> does not have a type.
FATAL:  Atom .R<GDP 503>.A<O3B 4> does not have a type.
FATAL:  Atom .R<GDP 503>.A<O3A 5> does not have a type.
FATAL:  Atom .R<GDP 503>.A<PA 6> does not have a type.
FATAL:  Atom .R<GDP 503>.A<O1A 7> does not have a type.
FATAL:  Atom .R<GDP 503>.A<O2A 8> does not have a type.
FATAL:  Atom .R<GDP 503>.A<O5* 9> does not have a type.
FATAL:  Atom .R<GDP 503>.A<C5* 10> does not have a type.
FATAL:  Atom .R<GDP 503>.A<C4* 11> does not have a type.
FATAL:  Atom .R<GDP 503>.A<O4* 12> does not have a type.
FATAL:  Atom .R<GDP 503>.A<C3* 13> does not have a type.
FATAL:  Atom .R<GDP 503>.A<O3* 14> does not have a type.
FATAL:  Atom .R<GDP 503>.A<C2* 15> does not have a type.
FATAL:  Atom .R<GDP 503>.A<O2* 16> does not have a type.
FATAL:  Atom .R<GDP 503>.A<C1* 17> does not have a type.
FATAL:  Atom .R<GDP 503>.A<N9 18> does not have a type.
FATAL:  Atom .R<GDP 503>.A<C8 19> does not have a type.
FATAL:  Atom .R<GDP 503>.A<N7 20> does not have a type.
FATAL:  Atom .R<GDP 503>.A<C5 21> does not have a type.
FATAL:  Atom .R<GDP 503>.A<C6 22> does not have a type.
FATAL:  Atom .R<GDP 503>.A<O6 23> does not have a type.
FATAL:  Atom .R<GDP 503>.A<N1 24> does not have a type.
FATAL:  Atom .R<GDP 503>.A<C2 25> does not have a type.
FATAL:  Atom .R<GDP 503>.A<N2 26> does not have a type.
FATAL:  Atom .R<GDP 503>.A<N3 27> does not have a type.
FATAL:  Atom .R<GDP 503>.A<C4 28> does not have a type.

${HPC_WORKSPACE}/miniconda3/envs/mdprep/bin/teLeap: Warning!
Close contact of 1.412 angstroms between nonbonded atoms O5* and C5*
-------  .R<GTP 501>.A<O5* 13> and .R<GTP 501>.A<C5* 14>

${HPC_WORKSPACE}/miniconda3/envs/mdprep/bin/teLeap: Warning!
Close contact of 1.411 angstroms between nonbonded atoms C4* and O4*
-------  .R<GTP 501>.A<C4* 15> and .R<GTP 501>.A<O4* 16>

${HPC_WORKSPACE}/miniconda3/envs/mdprep/bin/teLeap: Warning!
Close contact of 1.412 angstroms between nonbonded atoms O4* and C1*
-------  .R<GTP 501>.A<O4* 16> and .R<GTP 501>.A<C1* 21>

${HPC_WORKSPACE}/miniconda3/envs/mdprep/bin/teLeap: Warning!
Close contact of 1.408 angstroms between nonbonded atoms C3* and O3*
-------  .R<GTP 501>.A<C3* 17> and .R<GTP 501>.A<O3* 18>

${HPC_WORKSPACE}/miniconda3/envs/mdprep/bin/teLeap: Warning!
Close contact of 1.408 angstroms between nonbonded atoms C2* and O2*
-------  .R<GTP 501>.A<C2* 19> and .R<GTP 501>.A<O2* 20>

${HPC_WORKSPACE}/miniconda3/envs/mdprep/bin/teLeap: Warning!
Close contact of 1.474 angstroms between nonbonded atoms C1* and N9
-------  .R<GTP 501>.A<C1* 21> and .R<GTP 501>.A<N9 22>

${HPC_WORKSPACE}/miniconda3/envs/mdprep/bin/teLeap: Warning!
Close contact of 1.370 angstroms between nonbonded atoms N9 and C8
-------  .R<GTP 501>.A<N9 22> and .R<GTP 501>.A<C8 23>

${HPC_WORKSPACE}/miniconda3/envs/mdprep/bin/teLeap: Warning!
Close contact of 1.372 angstroms between nonbonded atoms N9 and C4
-------  .R<GTP 501>.A<N9 22> and .R<GTP 501>.A<C4 32>

${HPC_WORKSPACE}/miniconda3/envs/mdprep/bin/teLeap: Warning!
Close contact of 1.352 angstroms between nonbonded atoms C8 and N7
-------  .R<GTP 501>.A<C8 23> and .R<GTP 501>.A<N7 24>

${HPC_WORKSPACE}/miniconda3/envs/mdprep/bin/teLeap: Warning!
Close contact of 1.351 angstroms between nonbonded atoms N7 and C5
-------  .R<GTP 501>.A<N7 24> and .R<GTP 501>.A<C5 25>

${HPC_WORKSPACE}/miniconda3/envs/mdprep/bin/teLeap: Warning!
Close contact of 1.388 angstroms between nonbonded atoms C5 and C6
-------  .R<GTP 501>.A<C5 25> and .R<GTP 501>.A<C6 26>

${HPC_WORKSPACE}/miniconda3/envs/mdprep/bin/teLeap: Warning!
Close contact of 1.387 angstroms between nonbonded atoms C5 and C4
-------  .R<GTP 501>.A<C5 25> and .R<GTP 501>.A<C4 32>

${HPC_WORKSPACE}/miniconda3/envs/mdprep/bin/teLeap: Warning!
Close contact of 1.229 angstroms between nonbonded atoms C6 and O6
-------  .R<GTP 501>.A<C6 26> and .R<GTP 501>.A<O6 27>

${HPC_WORKSPACE}/miniconda3/envs/mdprep/bin/teLeap: Warning!
Close contact of 1.380 angstroms between nonbonded atoms C6 and N1
-------  .R<GTP 501>.A<C6 26> and .R<GTP 501>.A<N1 28>

${HPC_WORKSPACE}/miniconda3/envs/mdprep/bin/teLeap: Warning!
Close contact of 1.381 angstroms between nonbonded atoms N1 and C2
-------  .R<GTP 501>.A<N1 28> and .R<GTP 501>.A<C2 29>

${HPC_WORKSPACE}/miniconda3/envs/mdprep/bin/teLeap: Warning!
Close contact of 1.331 angstroms between nonbonded atoms C2 and N2
-------  .R<GTP 501>.A<C2 29> and .R<GTP 501>.A<N2 30>

${HPC_WORKSPACE}/miniconda3/envs/mdprep/bin/teLeap: Warning!
Close contact of 1.381 angstroms between nonbonded atoms C2 and N3
-------  .R<GTP 501>.A<C2 29> and .R<GTP 501>.A<N3 31>

${HPC_WORKSPACE}/miniconda3/envs/mdprep/bin/teLeap: Warning!
Close contact of 1.355 angstroms between nonbonded atoms N3 and C4
-------  .R<GTP 501>.A<N3 31> and .R<GTP 501>.A<C4 32>

${HPC_WORKSPACE}/miniconda3/envs/mdprep/bin/teLeap: Warning!
Close contact of 1.425 angstroms between nonbonded atoms O5* and C5*
-------  .R<GDP 503>.A<O5* 9> and .R<GDP 503>.A<C5* 10>

${HPC_WORKSPACE}/miniconda3/envs/mdprep/bin/teLeap: Warning!
Close contact of 1.428 angstroms between nonbonded atoms C4* and O4*
-------  .R<GDP 503>.A<C4* 11> and .R<GDP 503>.A<O4* 12>

${HPC_WORKSPACE}/miniconda3/envs/mdprep/bin/teLeap: Warning!
Close contact of 1.429 angstroms between nonbonded atoms O4* and C1*
-------  .R<GDP 503>.A<O4* 12> and .R<GDP 503>.A<C1* 17>

${HPC_WORKSPACE}/miniconda3/envs/mdprep/bin/teLeap: Warning!
Close contact of 1.430 angstroms between nonbonded atoms C3* and O3*
-------  .R<GDP 503>.A<C3* 13> and .R<GDP 503>.A<O3* 14>

${HPC_WORKSPACE}/miniconda3/envs/mdprep/bin/teLeap: Warning!
Close contact of 1.430 angstroms between nonbonded atoms C2* and O2*
-------  .R<GDP 503>.A<C2* 15> and .R<GDP 503>.A<O2* 16>

${HPC_WORKSPACE}/miniconda3/envs/mdprep/bin/teLeap: Warning!
Close contact of 1.485 angstroms between nonbonded atoms C1* and N9
-------  .R<GDP 503>.A<C1* 17> and .R<GDP 503>.A<N9 18>

${HPC_WORKSPACE}/miniconda3/envs/mdprep/bin/teLeap: Warning!
Close contact of 1.347 angstroms between nonbonded atoms N9 and C8
-------  .R<GDP 503>.A<N9 18> and .R<GDP 503>.A<C8 19>

${HPC_WORKSPACE}/miniconda3/envs/mdprep/bin/teLeap: Warning!
Close contact of 1.334 angstroms between nonbonded atoms N9 and C4
-------  .R<GDP 503>.A<N9 18> and .R<GDP 503>.A<C4 28>

${HPC_WORKSPACE}/miniconda3/envs/mdprep/bin/teLeap: Warning!
Close contact of 1.357 angstroms between nonbonded atoms C8 and N7
-------  .R<GDP 503>.A<C8 19> and .R<GDP 503>.A<N7 20>

${HPC_WORKSPACE}/miniconda3/envs/mdprep/bin/teLeap: Warning!
Close contact of 1.347 angstroms between nonbonded atoms N7 and C5
-------  .R<GDP 503>.A<N7 20> and .R<GDP 503>.A<C5 21>

${HPC_WORKSPACE}/miniconda3/envs/mdprep/bin/teLeap: Warning!
Close contact of 1.482 angstroms between nonbonded atoms C5 and C6
-------  .R<GDP 503>.A<C5 21> and .R<GDP 503>.A<C6 22>

${HPC_WORKSPACE}/miniconda3/envs/mdprep/bin/teLeap: Warning!
Close contact of 1.470 angstroms between nonbonded atoms C5 and C4
-------  .R<GDP 503>.A<C5 21> and .R<GDP 503>.A<C4 28>

${HPC_WORKSPACE}/miniconda3/envs/mdprep/bin/teLeap: Warning!
Close contact of 1.249 angstroms between nonbonded atoms C6 and O6
-------  .R<GDP 503>.A<C6 22> and .R<GDP 503>.A<O6 23>

${HPC_WORKSPACE}/miniconda3/envs/mdprep/bin/teLeap: Warning!
Close contact of 1.339 angstroms between nonbonded atoms C6 and N1
-------  .R<GDP 503>.A<C6 22> and .R<GDP 503>.A<N1 24>

${HPC_WORKSPACE}/miniconda3/envs/mdprep/bin/teLeap: Warning!
Close contact of 1.347 angstroms between nonbonded atoms N1 and C2
-------  .R<GDP 503>.A<N1 24> and .R<GDP 503>.A<C2 25>

${HPC_WORKSPACE}/miniconda3/envs/mdprep/bin/teLeap: Warning!
Close contact of 1.355 angstroms between nonbonded atoms C2 and N2
-------  .R<GDP 503>.A<C2 25> and .R<GDP 503>.A<N2 26>

${HPC_WORKSPACE}/miniconda3/envs/mdprep/bin/teLeap: Warning!
Close contact of 1.357 angstroms between nonbonded atoms C2 and N3
-------  .R<GDP 503>.A<C2 25> and .R<GDP 503>.A<N3 27>

${HPC_WORKSPACE}/miniconda3/envs/mdprep/bin/teLeap: Warning!
Close contact of 1.354 angstroms between nonbonded atoms N3 and C4
-------  .R<GDP 503>.A<N3 27> and .R<GDP 503>.A<C4 28>
Checking parameters for unit 'cof'.
Checking for bond parameters.
Checking for angle parameters.
check:  Errors:  60   Warnings: 37
> charge cof
Total unperturbed charge:   2.000000
Total perturbed charge:     2.000000
> quit
	Quit

Exiting LEaP: Errors = 0; Warnings = 41; Notes = 0.
log started: Thu Apr 16 22:32:36 2026

Log file: ./leap.log
>> #
>> # ----- leaprc for loading the ff14SB force field
>> # ----- NOTE: this is designed for PDB format 3!
>> #
>> #	load atom type hybridizations
>> #
>> addAtomTypes {
>> 	{ "H"   "H" "sp3" }
>> 	{ "HO"  "H" "sp3" }
>> 	{ "HS"  "H" "sp3" }
>> 	{ "H1"  "H" "sp3" }
>> 	{ "H2"  "H" "sp3" }
>> 	{ "H3"  "H" "sp3" }
>> 	{ "H4"  "H" "sp3" }
>> 	{ "H5"  "H" "sp3" }
>> 	{ "HW"  "H" "sp3" }
>> 	{ "HC"  "H" "sp3" }
>> 	{ "HA"  "H" "sp3" }
>> 	{ "HP"  "H" "sp3" }
>> 	{ "HZ"  "H" "sp3" }
>> 	{ "OH"  "O" "sp3" }
>> 	{ "OS"  "O" "sp3" }
>> 	{ "O"   "O" "sp2" }
>> 	{ "O2"  "O" "sp2" }
>> 	{ "OP"  "O" "sp2" }
>> 	{ "OW"  "O" "sp3" }
>> 	{ "CT"  "C" "sp3" }
>> 	{ "CX"  "C" "sp3" }
>> 	{ "C8"  "C" "sp3" }
>> 	{ "2C"  "C" "sp3" }
>> 	{ "3C"  "C" "sp3" }
>> 	{ "CH"  "C" "sp3" }
>> 	{ "CS"  "C" "sp2" }
>> 	{ "C"   "C" "sp2" }
>> 	{ "CO"   "C" "sp2" }
>> 	{ "C*"  "C" "sp2" }
>> 	{ "CA"  "C" "sp2" }
>> 	{ "CB"  "C" "sp2" }
>> 	{ "CC"  "C" "sp2" }
>> 	{ "CN"  "C" "sp2" }
>> 	{ "CM"  "C" "sp2" }
>> 	{ "CK"  "C" "sp2" }
>> 	{ "CQ"  "C" "sp2" }
>> 	{ "CD"  "C" "sp2" }
>> 	{ "C5"  "C" "sp2" }
>> 	{ "C4"  "C" "sp2" }
>> 	{ "CP"  "C" "sp2" }
>> 	{ "CI"  "C" "sp3" }
>> 	{ "CJ"  "C" "sp2" }
>> 	{ "CW"  "C" "sp2" }
>> 	{ "CV"  "C" "sp2" }
>> 	{ "CR"  "C" "sp2" }
>> 	{ "CA"  "C" "sp2" }
>> 	{ "CY"  "C" "sp2" }
>> 	{ "C0"  "Ca" "sp3" }
>> 	{ "MG"  "Mg" "sp3" }
>> 	{ "N"   "N" "sp2" }
>> 	{ "NA"  "N" "sp2" }
>> 	{ "N2"  "N" "sp2" }
>> 	{ "N*"  "N" "sp2" }
>> 	{ "NP"  "N" "sp2" }
>> 	{ "NQ"  "N" "sp2" }
>> 	{ "NB"  "N" "sp2" }
>> 	{ "NC"  "N" "sp2" }
>> 	{ "NT"  "N" "sp3" }
>> 	{ "NY"  "N" "sp2" }
>> 	{ "N3"  "N" "sp3" }
>> 	{ "S"   "S" "sp3" }
>> 	{ "SH"  "S" "sp3" }
>> 	{ "P"   "P" "sp3" }
>> 	{ "LP"  ""  "sp3" }
>> 	{ "EP"  ""  "sp3" }
>> 	{ "F"   "F" "sp3" }
>> 	{ "Cl"  "Cl" "sp3" }
>> 	{ "Br"  "Br" "sp3" }
>> 	{ "I"   "I"  "sp3" }
>> }
>> #
>> #	Load the main parameter set.
>> #
>> parm10 = loadamberparams parm10.dat
Loading parameters: ${HPC_WORKSPACE}/miniconda3/envs/mdprep/dat/leap/parm/parm10.dat
Reading title:
PARM99 + frcmod.ff99SB + frcmod.parmbsc0 + OL3 for RNA
>> frcmod14SB = loadamberparams frcmod.ff14SB
Loading parameters: ${HPC_WORKSPACE}/miniconda3/envs/mdprep/dat/leap/parm/frcmod.ff14SB
Reading force field modification type file (frcmod)
Reading title:
ff14SB protein backbone and sidechain parameters
>> #
>> #	Load main chain and terminating amino acid libraries
>> #
>> loadOff amino12.lib
Loading library: ${HPC_WORKSPACE}/miniconda3/envs/mdprep/dat/leap/lib/amino12.lib
Loading: ALA
Loading: ARG
Loading: ASH
Loading: ASN
Loading: ASP
Loading: CYM
Loading: CYS
Loading: CYX
Loading: GLH
Loading: GLN
Loading: GLU
Loading: GLY
Loading: HID
Loading: HIE
Loading: HIP
Loading: HYP
Loading: ILE
Loading: LEU
Loading: LYN
Loading: LYS
Loading: MET
Loading: PHE
Loading: PRO
Loading: SER
Loading: THR
Loading: TRP
Loading: TYR
Loading: VAL
>> loadOff aminoct12.lib
Loading library: ${HPC_WORKSPACE}/miniconda3/envs/mdprep/dat/leap/lib/aminoct12.lib
Loading: CALA
Loading: CARG
Loading: CASN
Loading: CASP
Loading: CCYS
Loading: CCYX
Loading: CGLN
Loading: CGLU
Loading: CGLY
Loading: CHID
Loading: CHIE
Loading: CHIP
Loading: CHYP
Loading: CILE
Loading: CLEU
Loading: CLYS
Loading: CMET
Loading: CPHE
Loading: CPRO
Loading: CSER
Loading: CTHR
Loading: CTRP
Loading: CTYR
Loading: CVAL
Loading: NHE
Loading: NME
>> loadOff aminont12.lib
Loading library: ${HPC_WORKSPACE}/miniconda3/envs/mdprep/dat/leap/lib/aminont12.lib
Loading: ACE
Loading: NALA
Loading: NARG
Loading: NASN
Loading: NASP
Loading: NCYS
Loading: NCYX
Loading: NGLN
Loading: NGLU
Loading: NGLY
Loading: NHID
Loading: NHIE
Loading: NHIP
Loading: NILE
Loading: NLEU
Loading: NLYS
Loading: NMET
Loading: NPHE
Loading: NPRO
Loading: NSER
Loading: NTHR
Loading: NTRP
Loading: NTYR
Loading: NVAL
>> 
>> #
>> #	Define the PDB name map for the amino acids
>> #
>> addPdbResMap {
>>   { 0 "HYP" "HYP" } { 1 "HYP" "CHYP" }
>>   { 0 "ALA" "NALA" } { 1 "ALA" "CALA" }
>>   { 0 "ARG" "NARG" } { 1 "ARG" "CARG" }
>>   { 0 "ASN" "NASN" } { 1 "ASN" "CASN" }
>>   { 0 "ASP" "NASP" } { 1 "ASP" "CASP" }
>>   { 0 "CYS" "NCYS" } { 1 "CYS" "CCYS" }
>>   { 0 "CYX" "NCYX" } { 1 "CYX" "CCYX" }
>>   { 0 "GLN" "NGLN" } { 1 "GLN" "CGLN" }
>>   { 0 "GLU" "NGLU" } { 1 "GLU" "CGLU" }
>>   { 0 "GLY" "NGLY" } { 1 "GLY" "CGLY" }
>>   { 0 "HID" "NHID" } { 1 "HID" "CHID" }
>>   { 0 "HIE" "NHIE" } { 1 "HIE" "CHIE" }
>>   { 0 "HIP" "NHIP" } { 1 "HIP" "CHIP" }
>>   { 0 "ILE" "NILE" } { 1 "ILE" "CILE" }
>>   { 0 "LEU" "NLEU" } { 1 "LEU" "CLEU" }
>>   { 0 "LYS" "NLYS" } { 1 "LYS" "CLYS" }
>>   { 0 "MET" "NMET" } { 1 "MET" "CMET" }
>>   { 0 "PHE" "NPHE" } { 1 "PHE" "CPHE" }
>>   { 0 "PRO" "NPRO" } { 1 "PRO" "CPRO" }
>>   { 0 "SER" "NSER" } { 1 "SER" "CSER" }
>>   { 0 "THR" "NTHR" } { 1 "THR" "CTHR" }
>>   { 0 "TRP" "NTRP" } { 1 "TRP" "CTRP" }
>>   { 0 "TYR" "NTYR" } { 1 "TYR" "CTYR" }
>>   { 0 "VAL" "NVAL" } { 1 "VAL" "CVAL" }
>>   { 0 "HIS" "NHIS" } { 1 "HIS" "CHIS" }
>> }
>> 
>> #
>> # assume that most often proteins use HIE
>> #
>> NHIS = NHIE
>> HIS = HIE
>> CHIS = CHIE
> 
> source leaprc.water.tip3p
----- Source: ${HPC_WORKSPACE}/miniconda3/envs/mdprep/dat/leap/cmd/leaprc.water.tip3p
----- Source of ${HPC_WORKSPACE}/miniconda3/envs/mdprep/dat/leap/cmd/leaprc.water.tip3p done
>> #
>> #       Load water and ions for TIP3P + Li/Merz monovalent ions 
>> #       + Joung-Chetham monovalent ions
>> #       + Li/Merz highly charged ions (+2 to +4, 12-6 normal usage set)
>> #
>> #       Note: the Li/Merz monovalent set is loaded only to get Tl+,
>> #          Cu+, Ag+ NH4+, H3O+.  Since we load Joung-Cheatham second,
>> #          the alkali halide parameters come from the Joung-Cheatham set
>> #
>> addAtomTypes {
>> 	{ "HW"  "H" "sp3" }
>> 	{ "OW"  "O" "sp3" }
>> 	{ "F-"   "F" "sp3" }
>> 	{ "Cl-"  "Cl" "sp3" }
>> 	{ "Br-"  "Br" "sp3" }
>> 	{ "I-"   "I"  "sp3" }
>> 	{ "Li+"  "Li"  "sp3" }
>> 	{ "Na+"  "Na"  "sp3" }
>> 	{ "K+"  "K"  "sp3" }
>> 	{ "Rb+"  "Rb"  "sp3" }
>> 	{ "Cs+"  "Cs"  "sp3" }
>> 	{ "Mg+"  "Mg"  "sp3" }
>>     { "Tl+"  "Tl"  "sp3" }
>>     { "Cu+"  "Cu"  "sp3" }
>>     { "Ag+"  "Ag"  "sp3" }
>>     { "NH4+"  "N"  "sp3" }
>>     { "H3O+"  "O"  "sp3" }
>>     { "Be2+" "Be"  "sp3" }
>>     { "Cu2+" "Cu"  "sp3" }
>>     { "Ni2+" "Ni"  "sp3" }
>>     { "Pt2+" "Pt"  "sp3" }
>>     { "Zn2+" "Zn"  "sp3" }
>>     { "Co2+" "Co"  "sp3" }
>>     { "Pd2+" "Pd"  "sp3" }
>>     { "Ag2+" "Ag"  "sp3" }
>>     { "Cr2+" "Cr"  "sp3" }
>>     { "Fe2+" "Fe"  "sp3" }
>>     { "Mg2+" "Mg"  "sp3" }
>>     { "V2+"  "V"   "sp3" }
>>     { "Mn2+" "Mn"  "sp3" }
>>     { "Hg2+" "Hg"  "sp3" }
>>     { "Cd2+" "Cd"  "sp3" }
>>     { "Yb2+" "Yb"  "sp3" }
>>     { "Ca2+" "Ca"  "sp3" }
>>     { "Sn2+" "Sn"  "sp3" }
>>     { "Pb2+" "Pb"  "sp3" }
>>     { "Eu2+" "Eu"  "sp3" }
>>     { "Sr2+" "Sr"  "sp3" }
>>     { "Sm2+" "Sm"  "sp3" }
>>     { "Ba2+" "Ba"  "sp3" }
>>     { "Ra2+" "Ra"  "sp3" }
>>     { "Al3+" "Al"  "sp3" }
>>     { "Fe3+" "Fe"  "sp3" }
>>     { "Cr3+" "Cr"  "sp3" }
>>     { "In3+" "In"  "sp3" }
>>     { "Tl3+" "Tl"  "sp3" }
>>     { "Y3+"  "Y"   "sp3" }
>>     { "La3+" "La"  "sp3" }
>>     { "Ce3+" "Ce"  "sp3" }
>>     { "Pr3+" "Pr"  "sp3" }
>>     { "Nd3+" "Nd"  "sp3" }
>>     { "Sm3+" "Sm"  "sp3" }
>>     { "Eu3+" "Eu"  "sp3" }
>>     { "Gd3+" "Gd"  "sp3" }
>>     { "Tb3+" "Tb"  "sp3" }
>>     { "Dy3+" "Dy"  "sp3" }
>>     { "Er3+" "Er"  "sp3" }
>>     { "Tm3+" "Tm"  "sp3" }
>>     { "Lu3+" "Lu"  "sp3" }
>>     { "Hf4+" "Hf"  "sp3" }
>>     { "Zr4+" "Zr"  "sp3" }
>>     { "Ce4+" "Ce"  "sp3" }
>>     { "U4+"  "U"   "sp3" }
>>     { "Pu4+" "Pu"  "sp3" }
>>     { "Th4+" "Th"  "sp3" }
>> }
>> loadOff atomic_ions.lib
Loading library: ${HPC_WORKSPACE}/miniconda3/envs/mdprep/dat/leap/lib/atomic_ions.lib
Loading: AG
Loading: AL
Loading: Ag
Loading: BA
Loading: BR
Loading: Be
Loading: CA
Loading: CD
Loading: CE
Loading: CL
Loading: CO
Loading: CR
Loading: CS
Loading: CU
Loading: CU1
Loading: Ce
Loading: Cl-
Loading: Cr
Loading: Dy
Loading: EU
Loading: EU3
Loading: Er
Loading: F
Loading: FE
Loading: FE2
Loading: GD3
Loading: H3O+
Loading: HE+
Loading: HG
Loading: HZ+
Loading: Hf
Loading: IN
Loading: IOD
Loading: K
Loading: K+
Loading: LA
Loading: LI
Loading: LU
Loading: MG
Loading: MN
Loading: NA
Loading: NH4
Loading: NI
Loading: Na+
Loading: Nd
Loading: PB
Loading: PD
Loading: PR
Loading: PT
Loading: Pu
Loading: RB
Loading: Ra
Loading: SM
Loading: SR
Loading: Sm
Loading: Sn
Loading: TB
Loading: TL
Loading: Th
Loading: Tl
Loading: Tm
Loading: U4+
Loading: V2+
Loading: Y
Loading: YB2
Loading: ZN
Loading: Zr
>> loadOff solvents.lib
Loading library: ${HPC_WORKSPACE}/miniconda3/envs/mdprep/dat/leap/lib/solvents.lib
Loading: CHCL3BOX
Loading: DC4
Loading: FB3
Loading: FB3BOX
Loading: FB4
Loading: FB4BOX
Loading: MEOHBOX
Loading: NMABOX
Loading: O3P
Loading: OP3
Loading: OPC
Loading: OPC3BOX
Loading: OPC3POLBOX
Loading: OPCBOX
Loading: PL3
Loading: POL3BOX
Loading: QSPCFWBOX
Loading: SPC
Loading: SPCBOX
Loading: SPCFWBOX
Loading: SPF
Loading: SPG
Loading: T4E
Loading: TIP3PBOX
Loading: TIP3PFBOX
Loading: TIP4PBOX
Loading: TIP4PEWBOX
Loading: TIP5PBOX
Loading: TP3
Loading: TP4
Loading: TP5
Loading: TPF
>> HOH = TP3
>> WAT = TP3
>> loadAmberParams frcmod.tip3p
Loading parameters: ${HPC_WORKSPACE}/miniconda3/envs/mdprep/dat/leap/parm/frcmod.tip3p
Reading force field modification type file (frcmod)
Reading title:
This is the additional/replacement parameter set for TIP3P water
>> loadAmberParams frcmod.ions1lm_126_tip3p
Loading parameters: ${HPC_WORKSPACE}/miniconda3/envs/mdprep/dat/leap/parm/frcmod.ions1lm_126_tip3p
Reading force field modification type file (frcmod)
Reading title:
Li/Merz ion parameters of monovalent ions for TIP3P water model (12-6 normal usage set)
>> loadAmberParams frcmod.ionsjc_tip3p
Loading parameters: ${HPC_WORKSPACE}/miniconda3/envs/mdprep/dat/leap/parm/frcmod.ionsjc_tip3p
Reading force field modification type file (frcmod)
Reading title:
Monovalent ion parameters for Ewald and TIP3P water from Joung & Cheatham JPCB (2008)
>> loadAmberParams frcmod.ions234lm_126_tip3p
Loading parameters: ${HPC_WORKSPACE}/miniconda3/envs/mdprep/dat/leap/parm/frcmod.ions234lm_126_tip3p
Reading force field modification type file (frcmod)
Reading title:
Li/Merz ion parameters of divalent to tetravalent ions for TIP3P water model (12-6 normal usage set)
>> 
> 
> 
> loadAmberParams ../input/cofactors_params/frcmod.phos
Loading parameters: ../input/cofactors_params/frcmod.phos
Reading force field modification type file (frcmod)
Reading title:
#  Modifications to the AMBER94 force field for polyphosphates
(UNKNOWN ATOM TYPE: O3)
> loadAmberPrep   ../input/cofactors_params/GTP.prep
Loading Prep file: ../input/cofactors_params/GTP.prep
(UNKNOWN ATOM TYPE: O3)
(UNKNOWN ATOM TYPE: O3)
(UNKNOWN ATOM TYPE: O3)
Loaded UNIT: gtp
> loadAmberPrep   ../input/cofactors_params/GDP.prep
Loading Prep file: ../input/cofactors_params/GDP.prep
(UNKNOWN ATOM TYPE: O3)
(UNKNOWN ATOM TYPE: O3)
(UNKNOWN ATOM TYPE: O3)
Loaded UNIT: gdp
> 
> # sanity: try to create units directly from the prep-defined residues
> # (if the prep is loaded correctly, the following should work)
> GTPU = sequence { GTP }

${HPC_WORKSPACE}/miniconda3/envs/mdprep/bin/teLeap: Fatal Error!
sequence: Illegal UNIT at position #1.

Exiting LEaP: Errors = 1; Warnings = 0; Notes = 0.
log started: Thu Apr 16 22:33:28 2026

Log file: ./leap.log
>> #
>> # ----- leaprc for loading the ff14SB force field
>> # ----- NOTE: this is designed for PDB format 3!
>> #
>> #	load atom type hybridizations
>> #
>> addAtomTypes {
>> 	{ "H"   "H" "sp3" }
>> 	{ "HO"  "H" "sp3" }
>> 	{ "HS"  "H" "sp3" }
>> 	{ "H1"  "H" "sp3" }
>> 	{ "H2"  "H" "sp3" }
>> 	{ "H3"  "H" "sp3" }
>> 	{ "H4"  "H" "sp3" }
>> 	{ "H5"  "H" "sp3" }
>> 	{ "HW"  "H" "sp3" }
>> 	{ "HC"  "H" "sp3" }
>> 	{ "HA"  "H" "sp3" }
>> 	{ "HP"  "H" "sp3" }
>> 	{ "HZ"  "H" "sp3" }
>> 	{ "OH"  "O" "sp3" }
>> 	{ "OS"  "O" "sp3" }
>> 	{ "O"   "O" "sp2" }
>> 	{ "O2"  "O" "sp2" }
>> 	{ "OP"  "O" "sp2" }
>> 	{ "OW"  "O" "sp3" }
>> 	{ "CT"  "C" "sp3" }
>> 	{ "CX"  "C" "sp3" }
>> 	{ "C8"  "C" "sp3" }
>> 	{ "2C"  "C" "sp3" }
>> 	{ "3C"  "C" "sp3" }
>> 	{ "CH"  "C" "sp3" }
>> 	{ "CS"  "C" "sp2" }
>> 	{ "C"   "C" "sp2" }
>> 	{ "CO"   "C" "sp2" }
>> 	{ "C*"  "C" "sp2" }
>> 	{ "CA"  "C" "sp2" }
>> 	{ "CB"  "C" "sp2" }
>> 	{ "CC"  "C" "sp2" }
>> 	{ "CN"  "C" "sp2" }
>> 	{ "CM"  "C" "sp2" }
>> 	{ "CK"  "C" "sp2" }
>> 	{ "CQ"  "C" "sp2" }
>> 	{ "CD"  "C" "sp2" }
>> 	{ "C5"  "C" "sp2" }
>> 	{ "C4"  "C" "sp2" }
>> 	{ "CP"  "C" "sp2" }
>> 	{ "CI"  "C" "sp3" }
>> 	{ "CJ"  "C" "sp2" }
>> 	{ "CW"  "C" "sp2" }
>> 	{ "CV"  "C" "sp2" }
>> 	{ "CR"  "C" "sp2" }
>> 	{ "CA"  "C" "sp2" }
>> 	{ "CY"  "C" "sp2" }
>> 	{ "C0"  "Ca" "sp3" }
>> 	{ "MG"  "Mg" "sp3" }
>> 	{ "N"   "N" "sp2" }
>> 	{ "NA"  "N" "sp2" }
>> 	{ "N2"  "N" "sp2" }
>> 	{ "N*"  "N" "sp2" }
>> 	{ "NP"  "N" "sp2" }
>> 	{ "NQ"  "N" "sp2" }
>> 	{ "NB"  "N" "sp2" }
>> 	{ "NC"  "N" "sp2" }
>> 	{ "NT"  "N" "sp3" }
>> 	{ "NY"  "N" "sp2" }
>> 	{ "N3"  "N" "sp3" }
>> 	{ "S"   "S" "sp3" }
>> 	{ "SH"  "S" "sp3" }
>> 	{ "P"   "P" "sp3" }
>> 	{ "LP"  ""  "sp3" }
>> 	{ "EP"  ""  "sp3" }
>> 	{ "F"   "F" "sp3" }
>> 	{ "Cl"  "Cl" "sp3" }
>> 	{ "Br"  "Br" "sp3" }
>> 	{ "I"   "I"  "sp3" }
>> }
>> #
>> #	Load the main parameter set.
>> #
>> parm10 = loadamberparams parm10.dat
Loading parameters: ${HPC_WORKSPACE}/miniconda3/envs/mdprep/dat/leap/parm/parm10.dat
Reading title:
PARM99 + frcmod.ff99SB + frcmod.parmbsc0 + OL3 for RNA
>> frcmod14SB = loadamberparams frcmod.ff14SB
Loading parameters: ${HPC_WORKSPACE}/miniconda3/envs/mdprep/dat/leap/parm/frcmod.ff14SB
Reading force field modification type file (frcmod)
Reading title:
ff14SB protein backbone and sidechain parameters
>> #
>> #	Load main chain and terminating amino acid libraries
>> #
>> loadOff amino12.lib
Loading library: ${HPC_WORKSPACE}/miniconda3/envs/mdprep/dat/leap/lib/amino12.lib
Loading: ALA
Loading: ARG
Loading: ASH
Loading: ASN
Loading: ASP
Loading: CYM
Loading: CYS
Loading: CYX
Loading: GLH
Loading: GLN
Loading: GLU
Loading: GLY
Loading: HID
Loading: HIE
Loading: HIP
Loading: HYP
Loading: ILE
Loading: LEU
Loading: LYN
Loading: LYS
Loading: MET
Loading: PHE
Loading: PRO
Loading: SER
Loading: THR
Loading: TRP
Loading: TYR
Loading: VAL
>> loadOff aminoct12.lib
Loading library: ${HPC_WORKSPACE}/miniconda3/envs/mdprep/dat/leap/lib/aminoct12.lib
Loading: CALA
Loading: CARG
Loading: CASN
Loading: CASP
Loading: CCYS
Loading: CCYX
Loading: CGLN
Loading: CGLU
Loading: CGLY
Loading: CHID
Loading: CHIE
Loading: CHIP
Loading: CHYP
Loading: CILE
Loading: CLEU
Loading: CLYS
Loading: CMET
Loading: CPHE
Loading: CPRO
Loading: CSER
Loading: CTHR
Loading: CTRP
Loading: CTYR
Loading: CVAL
Loading: NHE
Loading: NME
>> loadOff aminont12.lib
Loading library: ${HPC_WORKSPACE}/miniconda3/envs/mdprep/dat/leap/lib/aminont12.lib
Loading: ACE
Loading: NALA
Loading: NARG
Loading: NASN
Loading: NASP
Loading: NCYS
Loading: NCYX
Loading: NGLN
Loading: NGLU
Loading: NGLY
Loading: NHID
Loading: NHIE
Loading: NHIP
Loading: NILE
Loading: NLEU
Loading: NLYS
Loading: NMET
Loading: NPHE
Loading: NPRO
Loading: NSER
Loading: NTHR
Loading: NTRP
Loading: NTYR
Loading: NVAL
>> 
>> #
>> #	Define the PDB name map for the amino acids
>> #
>> addPdbResMap {
>>   { 0 "HYP" "HYP" } { 1 "HYP" "CHYP" }
>>   { 0 "ALA" "NALA" } { 1 "ALA" "CALA" }
>>   { 0 "ARG" "NARG" } { 1 "ARG" "CARG" }
>>   { 0 "ASN" "NASN" } { 1 "ASN" "CASN" }
>>   { 0 "ASP" "NASP" } { 1 "ASP" "CASP" }
>>   { 0 "CYS" "NCYS" } { 1 "CYS" "CCYS" }
>>   { 0 "CYX" "NCYX" } { 1 "CYX" "CCYX" }
>>   { 0 "GLN" "NGLN" } { 1 "GLN" "CGLN" }
>>   { 0 "GLU" "NGLU" } { 1 "GLU" "CGLU" }
>>   { 0 "GLY" "NGLY" } { 1 "GLY" "CGLY" }
>>   { 0 "HID" "NHID" } { 1 "HID" "CHID" }
>>   { 0 "HIE" "NHIE" } { 1 "HIE" "CHIE" }
>>   { 0 "HIP" "NHIP" } { 1 "HIP" "CHIP" }
>>   { 0 "ILE" "NILE" } { 1 "ILE" "CILE" }
>>   { 0 "LEU" "NLEU" } { 1 "LEU" "CLEU" }
>>   { 0 "LYS" "NLYS" } { 1 "LYS" "CLYS" }
>>   { 0 "MET" "NMET" } { 1 "MET" "CMET" }
>>   { 0 "PHE" "NPHE" } { 1 "PHE" "CPHE" }
>>   { 0 "PRO" "NPRO" } { 1 "PRO" "CPRO" }
>>   { 0 "SER" "NSER" } { 1 "SER" "CSER" }
>>   { 0 "THR" "NTHR" } { 1 "THR" "CTHR" }
>>   { 0 "TRP" "NTRP" } { 1 "TRP" "CTRP" }
>>   { 0 "TYR" "NTYR" } { 1 "TYR" "CTYR" }
>>   { 0 "VAL" "NVAL" } { 1 "VAL" "CVAL" }
>>   { 0 "HIS" "NHIS" } { 1 "HIS" "CHIS" }
>> }
>> 
>> #
>> # assume that most often proteins use HIE
>> #
>> NHIS = NHIE
>> HIS = HIE
>> CHIS = CHIE
> 
> source leaprc.water.tip3p
----- Source: ${HPC_WORKSPACE}/miniconda3/envs/mdprep/dat/leap/cmd/leaprc.water.tip3p
----- Source of ${HPC_WORKSPACE}/miniconda3/envs/mdprep/dat/leap/cmd/leaprc.water.tip3p done
>> #
>> #       Load water and ions for TIP3P + Li/Merz monovalent ions 
>> #       + Joung-Chetham monovalent ions
>> #       + Li/Merz highly charged ions (+2 to +4, 12-6 normal usage set)
>> #
>> #       Note: the Li/Merz monovalent set is loaded only to get Tl+,
>> #          Cu+, Ag+ NH4+, H3O+.  Since we load Joung-Cheatham second,
>> #          the alkali halide parameters come from the Joung-Cheatham set
>> #
>> addAtomTypes {
>> 	{ "HW"  "H" "sp3" }
>> 	{ "OW"  "O" "sp3" }
>> 	{ "F-"   "F" "sp3" }
>> 	{ "Cl-"  "Cl" "sp3" }
>> 	{ "Br-"  "Br" "sp3" }
>> 	{ "I-"   "I"  "sp3" }
>> 	{ "Li+"  "Li"  "sp3" }
>> 	{ "Na+"  "Na"  "sp3" }
>> 	{ "K+"  "K"  "sp3" }
>> 	{ "Rb+"  "Rb"  "sp3" }
>> 	{ "Cs+"  "Cs"  "sp3" }
>> 	{ "Mg+"  "Mg"  "sp3" }
>>     { "Tl+"  "Tl"  "sp3" }
>>     { "Cu+"  "Cu"  "sp3" }
>>     { "Ag+"  "Ag"  "sp3" }
>>     { "NH4+"  "N"  "sp3" }
>>     { "H3O+"  "O"  "sp3" }
>>     { "Be2+" "Be"  "sp3" }
>>     { "Cu2+" "Cu"  "sp3" }
>>     { "Ni2+" "Ni"  "sp3" }
>>     { "Pt2+" "Pt"  "sp3" }
>>     { "Zn2+" "Zn"  "sp3" }
>>     { "Co2+" "Co"  "sp3" }
>>     { "Pd2+" "Pd"  "sp3" }
>>     { "Ag2+" "Ag"  "sp3" }
>>     { "Cr2+" "Cr"  "sp3" }
>>     { "Fe2+" "Fe"  "sp3" }
>>     { "Mg2+" "Mg"  "sp3" }
>>     { "V2+"  "V"   "sp3" }
>>     { "Mn2+" "Mn"  "sp3" }
>>     { "Hg2+" "Hg"  "sp3" }
>>     { "Cd2+" "Cd"  "sp3" }
>>     { "Yb2+" "Yb"  "sp3" }
>>     { "Ca2+" "Ca"  "sp3" }
>>     { "Sn2+" "Sn"  "sp3" }
>>     { "Pb2+" "Pb"  "sp3" }
>>     { "Eu2+" "Eu"  "sp3" }
>>     { "Sr2+" "Sr"  "sp3" }
>>     { "Sm2+" "Sm"  "sp3" }
>>     { "Ba2+" "Ba"  "sp3" }
>>     { "Ra2+" "Ra"  "sp3" }
>>     { "Al3+" "Al"  "sp3" }
>>     { "Fe3+" "Fe"  "sp3" }
>>     { "Cr3+" "Cr"  "sp3" }
>>     { "In3+" "In"  "sp3" }
>>     { "Tl3+" "Tl"  "sp3" }
>>     { "Y3+"  "Y"   "sp3" }
>>     { "La3+" "La"  "sp3" }
>>     { "Ce3+" "Ce"  "sp3" }
>>     { "Pr3+" "Pr"  "sp3" }
>>     { "Nd3+" "Nd"  "sp3" }
>>     { "Sm3+" "Sm"  "sp3" }
>>     { "Eu3+" "Eu"  "sp3" }
>>     { "Gd3+" "Gd"  "sp3" }
>>     { "Tb3+" "Tb"  "sp3" }
>>     { "Dy3+" "Dy"  "sp3" }
>>     { "Er3+" "Er"  "sp3" }
>>     { "Tm3+" "Tm"  "sp3" }
>>     { "Lu3+" "Lu"  "sp3" }
>>     { "Hf4+" "Hf"  "sp3" }
>>     { "Zr4+" "Zr"  "sp3" }
>>     { "Ce4+" "Ce"  "sp3" }
>>     { "U4+"  "U"   "sp3" }
>>     { "Pu4+" "Pu"  "sp3" }
>>     { "Th4+" "Th"  "sp3" }
>> }
>> loadOff atomic_ions.lib
Loading library: ${HPC_WORKSPACE}/miniconda3/envs/mdprep/dat/leap/lib/atomic_ions.lib
Loading: AG
Loading: AL
Loading: Ag
Loading: BA
Loading: BR
Loading: Be
Loading: CA
Loading: CD
Loading: CE
Loading: CL
Loading: CO
Loading: CR
Loading: CS
Loading: CU
Loading: CU1
Loading: Ce
Loading: Cl-
Loading: Cr
Loading: Dy
Loading: EU
Loading: EU3
Loading: Er
Loading: F
Loading: FE
Loading: FE2
Loading: GD3
Loading: H3O+
Loading: HE+
Loading: HG
Loading: HZ+
Loading: Hf
Loading: IN
Loading: IOD
Loading: K
Loading: K+
Loading: LA
Loading: LI
Loading: LU
Loading: MG
Loading: MN
Loading: NA
Loading: NH4
Loading: NI
Loading: Na+
Loading: Nd
Loading: PB
Loading: PD
Loading: PR
Loading: PT
Loading: Pu
Loading: RB
Loading: Ra
Loading: SM
Loading: SR
Loading: Sm
Loading: Sn
Loading: TB
Loading: TL
Loading: Th
Loading: Tl
Loading: Tm
Loading: U4+
Loading: V2+
Loading: Y
Loading: YB2
Loading: ZN
Loading: Zr
>> loadOff solvents.lib
Loading library: ${HPC_WORKSPACE}/miniconda3/envs/mdprep/dat/leap/lib/solvents.lib
Loading: CHCL3BOX
Loading: DC4
Loading: FB3
Loading: FB3BOX
Loading: FB4
Loading: FB4BOX
Loading: MEOHBOX
Loading: NMABOX
Loading: O3P
Loading: OP3
Loading: OPC
Loading: OPC3BOX
Loading: OPC3POLBOX
Loading: OPCBOX
Loading: PL3
Loading: POL3BOX
Loading: QSPCFWBOX
Loading: SPC
Loading: SPCBOX
Loading: SPCFWBOX
Loading: SPF
Loading: SPG
Loading: T4E
Loading: TIP3PBOX
Loading: TIP3PFBOX
Loading: TIP4PBOX
Loading: TIP4PEWBOX
Loading: TIP5PBOX
Loading: TP3
Loading: TP4
Loading: TP5
Loading: TPF
>> HOH = TP3
>> WAT = TP3
>> loadAmberParams frcmod.tip3p
Loading parameters: ${HPC_WORKSPACE}/miniconda3/envs/mdprep/dat/leap/parm/frcmod.tip3p
Reading force field modification type file (frcmod)
Reading title:
This is the additional/replacement parameter set for TIP3P water
>> loadAmberParams frcmod.ions1lm_126_tip3p
Loading parameters: ${HPC_WORKSPACE}/miniconda3/envs/mdprep/dat/leap/parm/frcmod.ions1lm_126_tip3p
Reading force field modification type file (frcmod)
Reading title:
Li/Merz ion parameters of monovalent ions for TIP3P water model (12-6 normal usage set)
>> loadAmberParams frcmod.ionsjc_tip3p
Loading parameters: ${HPC_WORKSPACE}/miniconda3/envs/mdprep/dat/leap/parm/frcmod.ionsjc_tip3p
Reading force field modification type file (frcmod)
Reading title:
Monovalent ion parameters for Ewald and TIP3P water from Joung & Cheatham JPCB (2008)
>> loadAmberParams frcmod.ions234lm_126_tip3p
Loading parameters: ${HPC_WORKSPACE}/miniconda3/envs/mdprep/dat/leap/parm/frcmod.ions234lm_126_tip3p
Reading force field modification type file (frcmod)
Reading title:
Li/Merz ion parameters of divalent to tetravalent ions for TIP3P water model (12-6 normal usage set)
>> 
> 
> 
> loadAmberParams ../input/cofactors_params/frcmod.phos
Loading parameters: ../input/cofactors_params/frcmod.phos
Reading force field modification type file (frcmod)
Reading title:
#  Modifications to the AMBER94 force field for polyphosphates
(UNKNOWN ATOM TYPE: O3)
> loadAmberPrep   ../input/cofactors_params/GTP.prep
Loading Prep file: ../input/cofactors_params/GTP.prep
(UNKNOWN ATOM TYPE: O3)
(UNKNOWN ATOM TYPE: O3)
(UNKNOWN ATOM TYPE: O3)
Loaded UNIT: gtp
> loadAmberPrep   ../input/cofactors_params/GDP.prep
Loading Prep file: ../input/cofactors_params/GDP.prep
(UNKNOWN ATOM TYPE: O3)
(UNKNOWN ATOM TYPE: O3)
(UNKNOWN ATOM TYPE: O3)
Loaded UNIT: gdp
> 
> cof = loadpdb cofactors_gtp_gdp_mg_bryce.pdb
Loading PDB file: ./cofactors_gtp_gdp_mg_bryce.pdb
 (starting new molecule for chain B)
Matching PDB residue names to LEaP variables.

${HPC_WORKSPACE}/miniconda3/envs/mdprep/bin/teLeap: Warning!
One sided connection. Residue (MG) missing connect0 atom.
Created a new atom named: O5' within residue: .R<gdp 503>
Created a new atom named: C5' within residue: .R<gdp 503>
Created a new atom named: C4' within residue: .R<gdp 503>
Created a new atom named: O4' within residue: .R<gdp 503>
Created a new atom named: C3' within residue: .R<gdp 503>
Created a new atom named: O3' within residue: .R<gdp 503>
Created a new atom named: C2' within residue: .R<gdp 503>
Created a new atom named: O2' within residue: .R<gdp 503>
Created a new atom named: C1' within residue: .R<gdp 503>
  Added missing heavy atom: .R<gdp 503>.A<C1* 16>
  Added missing heavy atom: .R<gdp 503>.A<O4* 15>
  Added missing heavy atom: .R<gdp 503>.A<C2* 35>
  Added missing heavy atom: .R<gdp 503>.A<C4* 13>
  Added missing heavy atom: .R<gdp 503>.A<C3* 33>
  Added missing heavy atom: .R<gdp 503>.A<O2* 37>
  Added missing heavy atom: .R<gdp 503>.A<C5* 10>
  Added missing heavy atom: .R<gdp 503>.A<O3* 39>
  Added missing heavy atom: .R<gdp 503>.A<O5* 9>
  total atoms in file: 61
  Leap added 33 missing atoms according to residue templates:
       9 Heavy
       24 H / lone pairs
  The file contained 9 atoms not in residue templates
> check cof
Checking 'cof'....

${HPC_WORKSPACE}/miniconda3/envs/mdprep/bin/teLeap: Warning!
The unperturbed charge of the unit (-5.000000) is not zero.
FATAL:  Atom .R<gdp 503>.A<O5' 41> does not have a type.
FATAL:  Atom .R<gdp 503>.A<C5' 42> does not have a type.
FATAL:  Atom .R<gdp 503>.A<C4' 43> does not have a type.
FATAL:  Atom .R<gdp 503>.A<O4' 44> does not have a type.
FATAL:  Atom .R<gdp 503>.A<C3' 45> does not have a type.
FATAL:  Atom .R<gdp 503>.A<O3' 46> does not have a type.
FATAL:  Atom .R<gdp 503>.A<C2' 47> does not have a type.
FATAL:  Atom .R<gdp 503>.A<O2' 48> does not have a type.
FATAL:  Atom .R<gdp 503>.A<C1' 49> does not have a type.

${HPC_WORKSPACE}/miniconda3/envs/mdprep/bin/teLeap: Warning!
Close contact of 0.635 angstroms between nonbonded atoms H3* and O3'
-------  .R<gdp 503>.A<H3* 40> and .R<gdp 503>.A<O3' 46>

${HPC_WORKSPACE}/miniconda3/envs/mdprep/bin/teLeap: Warning!
Close contact of 1.236 angstroms between nonbonded atoms O3* and O3'
-------  .R<gdp 503>.A<O3* 39> and .R<gdp 503>.A<O3' 46>

${HPC_WORKSPACE}/miniconda3/envs/mdprep/bin/teLeap: Warning!
Close contact of 1.094 angstroms between nonbonded atoms H2* and C2'
-------  .R<gdp 503>.A<H2* 38> and .R<gdp 503>.A<C2' 47>

${HPC_WORKSPACE}/miniconda3/envs/mdprep/bin/teLeap: Warning!
Close contact of 1.218 angstroms between nonbonded atoms H2* and O2'
-------  .R<gdp 503>.A<H2* 38> and .R<gdp 503>.A<O2' 48>

${HPC_WORKSPACE}/miniconda3/envs/mdprep/bin/teLeap: Warning!
Close contact of 0.677 angstroms between nonbonded atoms O2* and C2'
-------  .R<gdp 503>.A<O2* 37> and .R<gdp 503>.A<C2' 47>

${HPC_WORKSPACE}/miniconda3/envs/mdprep/bin/teLeap: Warning!
Close contact of 0.783 angstroms between nonbonded atoms O2* and O2'
-------  .R<gdp 503>.A<O2* 37> and .R<gdp 503>.A<O2' 48>

${HPC_WORKSPACE}/miniconda3/envs/mdprep/bin/teLeap: Warning!
Close contact of 1.210 angstroms between nonbonded atoms H20 and C3'
-------  .R<gdp 503>.A<H20 36> and .R<gdp 503>.A<C3' 45>

${HPC_WORKSPACE}/miniconda3/envs/mdprep/bin/teLeap: Warning!
Close contact of 1.024 angstroms between nonbonded atoms C2* and C3'
-------  .R<gdp 503>.A<C2* 35> and .R<gdp 503>.A<C3' 45>

${HPC_WORKSPACE}/miniconda3/envs/mdprep/bin/teLeap: Warning!
Close contact of 0.874 angstroms between nonbonded atoms C2* and C2'
-------  .R<gdp 503>.A<C2* 35> and .R<gdp 503>.A<C2' 47>

${HPC_WORKSPACE}/miniconda3/envs/mdprep/bin/teLeap: Warning!
Close contact of 1.474 angstroms between nonbonded atoms C2* and C1'
-------  .R<gdp 503>.A<C2* 35> and .R<gdp 503>.A<C1' 49>

${HPC_WORKSPACE}/miniconda3/envs/mdprep/bin/teLeap: Warning!
Close contact of 1.024 angstroms between nonbonded atoms H30 and C4'
-------  .R<gdp 503>.A<H30 34> and .R<gdp 503>.A<C4' 43>

${HPC_WORKSPACE}/miniconda3/envs/mdprep/bin/teLeap: Warning!
Close contact of 0.755 angstroms between nonbonded atoms C3* and C4'
-------  .R<gdp 503>.A<C3* 33> and .R<gdp 503>.A<C4' 43>

${HPC_WORKSPACE}/miniconda3/envs/mdprep/bin/teLeap: Warning!
Close contact of 1.252 angstroms between nonbonded atoms C3* and C3'
-------  .R<gdp 503>.A<C3* 33> and .R<gdp 503>.A<C3' 45>

${HPC_WORKSPACE}/miniconda3/envs/mdprep/bin/teLeap: Warning!
Close contact of 1.485 angstroms between nonbonded atoms N9 and C1'
-------  .R<gdp 503>.A<N9 18> and .R<gdp 503>.A<C1' 49>

${HPC_WORKSPACE}/miniconda3/envs/mdprep/bin/teLeap: Warning!
Close contact of 1.179 angstroms between nonbonded atoms H10 and C1'
-------  .R<gdp 503>.A<H10 17> and .R<gdp 503>.A<C1' 49>

${HPC_WORKSPACE}/miniconda3/envs/mdprep/bin/teLeap: Warning!
Close contact of 0.092 angstroms between nonbonded atoms C1* and C1'
-------  .R<gdp 503>.A<C1* 16> and .R<gdp 503>.A<C1' 49>

${HPC_WORKSPACE}/miniconda3/envs/mdprep/bin/teLeap: Warning!
Close contact of 1.068 angstroms between nonbonded atoms O4* and O4'
-------  .R<gdp 503>.A<O4* 15> and .R<gdp 503>.A<O4' 44>

${HPC_WORKSPACE}/miniconda3/envs/mdprep/bin/teLeap: Warning!
Close contact of 1.405 angstroms between nonbonded atoms O4* and C1'
-------  .R<gdp 503>.A<O4* 15> and .R<gdp 503>.A<C1' 49>

${HPC_WORKSPACE}/miniconda3/envs/mdprep/bin/teLeap: Warning!
Close contact of 1.335 angstroms between nonbonded atoms C4* and C4'
-------  .R<gdp 503>.A<C4* 13> and .R<gdp 503>.A<C4' 43>

${HPC_WORKSPACE}/miniconda3/envs/mdprep/bin/teLeap: Warning!
Close contact of 1.128 angstroms between nonbonded atoms C4* and O4'
-------  .R<gdp 503>.A<C4* 13> and .R<gdp 503>.A<O4' 44>

${HPC_WORKSPACE}/miniconda3/envs/mdprep/bin/teLeap: Warning!
Close contact of 1.151 angstroms between nonbonded atoms H51 and O5'
-------  .R<gdp 503>.A<H51 12> and .R<gdp 503>.A<O5' 41>

${HPC_WORKSPACE}/miniconda3/envs/mdprep/bin/teLeap: Warning!
Close contact of 1.142 angstroms between nonbonded atoms O5* and C5'
-------  .R<gdp 503>.A<O5* 9> and .R<gdp 503>.A<C5' 42>

${HPC_WORKSPACE}/miniconda3/envs/mdprep/bin/teLeap: Warning!
Close contact of 1.425 angstroms between nonbonded atoms O5' and C5'
-------  .R<gdp 503>.A<O5' 41> and .R<gdp 503>.A<C5' 42>

${HPC_WORKSPACE}/miniconda3/envs/mdprep/bin/teLeap: Warning!
Close contact of 1.428 angstroms between nonbonded atoms C4' and O4'
-------  .R<gdp 503>.A<C4' 43> and .R<gdp 503>.A<O4' 44>

${HPC_WORKSPACE}/miniconda3/envs/mdprep/bin/teLeap: Warning!
Close contact of 1.429 angstroms between nonbonded atoms O4' and C1'
-------  .R<gdp 503>.A<O4' 44> and .R<gdp 503>.A<C1' 49>

${HPC_WORKSPACE}/miniconda3/envs/mdprep/bin/teLeap: Warning!
Close contact of 1.430 angstroms between nonbonded atoms C3' and O3'
-------  .R<gdp 503>.A<C3' 45> and .R<gdp 503>.A<O3' 46>

${HPC_WORKSPACE}/miniconda3/envs/mdprep/bin/teLeap: Warning!
Close contact of 1.430 angstroms between nonbonded atoms C2' and O2'
-------  .R<gdp 503>.A<C2' 47> and .R<gdp 503>.A<O2' 48>
Checking parameters for unit 'cof'.
Checking for bond parameters.
Checking for angle parameters.
check:  Errors:  9   Warnings: 28
> charge cof
Total unperturbed charge:  -5.000000
Total perturbed charge:    -5.000000
> quit
	Quit

Exiting LEaP: Errors = 0; Warnings = 29; Notes = 0.
log started: Thu Apr 16 22:33:50 2026

Log file: ./leap.log
>> #
>> # ----- leaprc for loading the ff14SB force field
>> # ----- NOTE: this is designed for PDB format 3!
>> #
>> #	load atom type hybridizations
>> #
>> addAtomTypes {
>> 	{ "H"   "H" "sp3" }
>> 	{ "HO"  "H" "sp3" }
>> 	{ "HS"  "H" "sp3" }
>> 	{ "H1"  "H" "sp3" }
>> 	{ "H2"  "H" "sp3" }
>> 	{ "H3"  "H" "sp3" }
>> 	{ "H4"  "H" "sp3" }
>> 	{ "H5"  "H" "sp3" }
>> 	{ "HW"  "H" "sp3" }
>> 	{ "HC"  "H" "sp3" }
>> 	{ "HA"  "H" "sp3" }
>> 	{ "HP"  "H" "sp3" }
>> 	{ "HZ"  "H" "sp3" }
>> 	{ "OH"  "O" "sp3" }
>> 	{ "OS"  "O" "sp3" }
>> 	{ "O"   "O" "sp2" }
>> 	{ "O2"  "O" "sp2" }
>> 	{ "OP"  "O" "sp2" }
>> 	{ "OW"  "O" "sp3" }
>> 	{ "CT"  "C" "sp3" }
>> 	{ "CX"  "C" "sp3" }
>> 	{ "C8"  "C" "sp3" }
>> 	{ "2C"  "C" "sp3" }
>> 	{ "3C"  "C" "sp3" }
>> 	{ "CH"  "C" "sp3" }
>> 	{ "CS"  "C" "sp2" }
>> 	{ "C"   "C" "sp2" }
>> 	{ "CO"   "C" "sp2" }
>> 	{ "C*"  "C" "sp2" }
>> 	{ "CA"  "C" "sp2" }
>> 	{ "CB"  "C" "sp2" }
>> 	{ "CC"  "C" "sp2" }
>> 	{ "CN"  "C" "sp2" }
>> 	{ "CM"  "C" "sp2" }
>> 	{ "CK"  "C" "sp2" }
>> 	{ "CQ"  "C" "sp2" }
>> 	{ "CD"  "C" "sp2" }
>> 	{ "C5"  "C" "sp2" }
>> 	{ "C4"  "C" "sp2" }
>> 	{ "CP"  "C" "sp2" }
>> 	{ "CI"  "C" "sp3" }
>> 	{ "CJ"  "C" "sp2" }
>> 	{ "CW"  "C" "sp2" }
>> 	{ "CV"  "C" "sp2" }
>> 	{ "CR"  "C" "sp2" }
>> 	{ "CA"  "C" "sp2" }
>> 	{ "CY"  "C" "sp2" }
>> 	{ "C0"  "Ca" "sp3" }
>> 	{ "MG"  "Mg" "sp3" }
>> 	{ "N"   "N" "sp2" }
>> 	{ "NA"  "N" "sp2" }
>> 	{ "N2"  "N" "sp2" }
>> 	{ "N*"  "N" "sp2" }
>> 	{ "NP"  "N" "sp2" }
>> 	{ "NQ"  "N" "sp2" }
>> 	{ "NB"  "N" "sp2" }
>> 	{ "NC"  "N" "sp2" }
>> 	{ "NT"  "N" "sp3" }
>> 	{ "NY"  "N" "sp2" }
>> 	{ "N3"  "N" "sp3" }
>> 	{ "S"   "S" "sp3" }
>> 	{ "SH"  "S" "sp3" }
>> 	{ "P"   "P" "sp3" }
>> 	{ "LP"  ""  "sp3" }
>> 	{ "EP"  ""  "sp3" }
>> 	{ "F"   "F" "sp3" }
>> 	{ "Cl"  "Cl" "sp3" }
>> 	{ "Br"  "Br" "sp3" }
>> 	{ "I"   "I"  "sp3" }
>> }
>> #
>> #	Load the main parameter set.
>> #
>> parm10 = loadamberparams parm10.dat
Loading parameters: ${HPC_WORKSPACE}/miniconda3/envs/mdprep/dat/leap/parm/parm10.dat
Reading title:
PARM99 + frcmod.ff99SB + frcmod.parmbsc0 + OL3 for RNA
>> frcmod14SB = loadamberparams frcmod.ff14SB
Loading parameters: ${HPC_WORKSPACE}/miniconda3/envs/mdprep/dat/leap/parm/frcmod.ff14SB
Reading force field modification type file (frcmod)
Reading title:
ff14SB protein backbone and sidechain parameters
>> #
>> #	Load main chain and terminating amino acid libraries
>> #
>> loadOff amino12.lib
Loading library: ${HPC_WORKSPACE}/miniconda3/envs/mdprep/dat/leap/lib/amino12.lib
Loading: ALA
Loading: ARG
Loading: ASH
Loading: ASN
Loading: ASP
Loading: CYM
Loading: CYS
Loading: CYX
Loading: GLH
Loading: GLN
Loading: GLU
Loading: GLY
Loading: HID
Loading: HIE
Loading: HIP
Loading: HYP
Loading: ILE
Loading: LEU
Loading: LYN
Loading: LYS
Loading: MET
Loading: PHE
Loading: PRO
Loading: SER
Loading: THR
Loading: TRP
Loading: TYR
Loading: VAL
>> loadOff aminoct12.lib
Loading library: ${HPC_WORKSPACE}/miniconda3/envs/mdprep/dat/leap/lib/aminoct12.lib
Loading: CALA
Loading: CARG
Loading: CASN
Loading: CASP
Loading: CCYS
Loading: CCYX
Loading: CGLN
Loading: CGLU
Loading: CGLY
Loading: CHID
Loading: CHIE
Loading: CHIP
Loading: CHYP
Loading: CILE
Loading: CLEU
Loading: CLYS
Loading: CMET
Loading: CPHE
Loading: CPRO
Loading: CSER
Loading: CTHR
Loading: CTRP
Loading: CTYR
Loading: CVAL
Loading: NHE
Loading: NME
>> loadOff aminont12.lib
Loading library: ${HPC_WORKSPACE}/miniconda3/envs/mdprep/dat/leap/lib/aminont12.lib
Loading: ACE
Loading: NALA
Loading: NARG
Loading: NASN
Loading: NASP
Loading: NCYS
Loading: NCYX
Loading: NGLN
Loading: NGLU
Loading: NGLY
Loading: NHID
Loading: NHIE
Loading: NHIP
Loading: NILE
Loading: NLEU
Loading: NLYS
Loading: NMET
Loading: NPHE
Loading: NPRO
Loading: NSER
Loading: NTHR
Loading: NTRP
Loading: NTYR
Loading: NVAL
>> 
>> #
>> #	Define the PDB name map for the amino acids
>> #
>> addPdbResMap {
>>   { 0 "HYP" "HYP" } { 1 "HYP" "CHYP" }
>>   { 0 "ALA" "NALA" } { 1 "ALA" "CALA" }
>>   { 0 "ARG" "NARG" } { 1 "ARG" "CARG" }
>>   { 0 "ASN" "NASN" } { 1 "ASN" "CASN" }
>>   { 0 "ASP" "NASP" } { 1 "ASP" "CASP" }
>>   { 0 "CYS" "NCYS" } { 1 "CYS" "CCYS" }
>>   { 0 "CYX" "NCYX" } { 1 "CYX" "CCYX" }
>>   { 0 "GLN" "NGLN" } { 1 "GLN" "CGLN" }
>>   { 0 "GLU" "NGLU" } { 1 "GLU" "CGLU" }
>>   { 0 "GLY" "NGLY" } { 1 "GLY" "CGLY" }
>>   { 0 "HID" "NHID" } { 1 "HID" "CHID" }
>>   { 0 "HIE" "NHIE" } { 1 "HIE" "CHIE" }
>>   { 0 "HIP" "NHIP" } { 1 "HIP" "CHIP" }
>>   { 0 "ILE" "NILE" } { 1 "ILE" "CILE" }
>>   { 0 "LEU" "NLEU" } { 1 "LEU" "CLEU" }
>>   { 0 "LYS" "NLYS" } { 1 "LYS" "CLYS" }
>>   { 0 "MET" "NMET" } { 1 "MET" "CMET" }
>>   { 0 "PHE" "NPHE" } { 1 "PHE" "CPHE" }
>>   { 0 "PRO" "NPRO" } { 1 "PRO" "CPRO" }
>>   { 0 "SER" "NSER" } { 1 "SER" "CSER" }
>>   { 0 "THR" "NTHR" } { 1 "THR" "CTHR" }
>>   { 0 "TRP" "NTRP" } { 1 "TRP" "CTRP" }
>>   { 0 "TYR" "NTYR" } { 1 "TYR" "CTYR" }
>>   { 0 "VAL" "NVAL" } { 1 "VAL" "CVAL" }
>>   { 0 "HIS" "NHIS" } { 1 "HIS" "CHIS" }
>> }
>> 
>> #
>> # assume that most often proteins use HIE
>> #
>> NHIS = NHIE
>> HIS = HIE
>> CHIS = CHIE
> 
> source leaprc.water.tip3p
----- Source: ${HPC_WORKSPACE}/miniconda3/envs/mdprep/dat/leap/cmd/leaprc.water.tip3p
----- Source of ${HPC_WORKSPACE}/miniconda3/envs/mdprep/dat/leap/cmd/leaprc.water.tip3p done
>> #
>> #       Load water and ions for TIP3P + Li/Merz monovalent ions 
>> #       + Joung-Chetham monovalent ions
>> #       + Li/Merz highly charged ions (+2 to +4, 12-6 normal usage set)
>> #
>> #       Note: the Li/Merz monovalent set is loaded only to get Tl+,
>> #          Cu+, Ag+ NH4+, H3O+.  Since we load Joung-Cheatham second,
>> #          the alkali halide parameters come from the Joung-Cheatham set
>> #
>> addAtomTypes {
>> 	{ "HW"  "H" "sp3" }
>> 	{ "OW"  "O" "sp3" }
>> 	{ "F-"   "F" "sp3" }
>> 	{ "Cl-"  "Cl" "sp3" }
>> 	{ "Br-"  "Br" "sp3" }
>> 	{ "I-"   "I"  "sp3" }
>> 	{ "Li+"  "Li"  "sp3" }
>> 	{ "Na+"  "Na"  "sp3" }
>> 	{ "K+"  "K"  "sp3" }
>> 	{ "Rb+"  "Rb"  "sp3" }
>> 	{ "Cs+"  "Cs"  "sp3" }
>> 	{ "Mg+"  "Mg"  "sp3" }
>>     { "Tl+"  "Tl"  "sp3" }
>>     { "Cu+"  "Cu"  "sp3" }
>>     { "Ag+"  "Ag"  "sp3" }
>>     { "NH4+"  "N"  "sp3" }
>>     { "H3O+"  "O"  "sp3" }
>>     { "Be2+" "Be"  "sp3" }
>>     { "Cu2+" "Cu"  "sp3" }
>>     { "Ni2+" "Ni"  "sp3" }
>>     { "Pt2+" "Pt"  "sp3" }
>>     { "Zn2+" "Zn"  "sp3" }
>>     { "Co2+" "Co"  "sp3" }
>>     { "Pd2+" "Pd"  "sp3" }
>>     { "Ag2+" "Ag"  "sp3" }
>>     { "Cr2+" "Cr"  "sp3" }
>>     { "Fe2+" "Fe"  "sp3" }
>>     { "Mg2+" "Mg"  "sp3" }
>>     { "V2+"  "V"   "sp3" }
>>     { "Mn2+" "Mn"  "sp3" }
>>     { "Hg2+" "Hg"  "sp3" }
>>     { "Cd2+" "Cd"  "sp3" }
>>     { "Yb2+" "Yb"  "sp3" }
>>     { "Ca2+" "Ca"  "sp3" }
>>     { "Sn2+" "Sn"  "sp3" }
>>     { "Pb2+" "Pb"  "sp3" }
>>     { "Eu2+" "Eu"  "sp3" }
>>     { "Sr2+" "Sr"  "sp3" }
>>     { "Sm2+" "Sm"  "sp3" }
>>     { "Ba2+" "Ba"  "sp3" }
>>     { "Ra2+" "Ra"  "sp3" }
>>     { "Al3+" "Al"  "sp3" }
>>     { "Fe3+" "Fe"  "sp3" }
>>     { "Cr3+" "Cr"  "sp3" }
>>     { "In3+" "In"  "sp3" }
>>     { "Tl3+" "Tl"  "sp3" }
>>     { "Y3+"  "Y"   "sp3" }
>>     { "La3+" "La"  "sp3" }
>>     { "Ce3+" "Ce"  "sp3" }
>>     { "Pr3+" "Pr"  "sp3" }
>>     { "Nd3+" "Nd"  "sp3" }
>>     { "Sm3+" "Sm"  "sp3" }
>>     { "Eu3+" "Eu"  "sp3" }
>>     { "Gd3+" "Gd"  "sp3" }
>>     { "Tb3+" "Tb"  "sp3" }
>>     { "Dy3+" "Dy"  "sp3" }
>>     { "Er3+" "Er"  "sp3" }
>>     { "Tm3+" "Tm"  "sp3" }
>>     { "Lu3+" "Lu"  "sp3" }
>>     { "Hf4+" "Hf"  "sp3" }
>>     { "Zr4+" "Zr"  "sp3" }
>>     { "Ce4+" "Ce"  "sp3" }
>>     { "U4+"  "U"   "sp3" }
>>     { "Pu4+" "Pu"  "sp3" }
>>     { "Th4+" "Th"  "sp3" }
>> }
>> loadOff atomic_ions.lib
Loading library: ${HPC_WORKSPACE}/miniconda3/envs/mdprep/dat/leap/lib/atomic_ions.lib
Loading: AG
Loading: AL
Loading: Ag
Loading: BA
Loading: BR
Loading: Be
Loading: CA
Loading: CD
Loading: CE
Loading: CL
Loading: CO
Loading: CR
Loading: CS
Loading: CU
Loading: CU1
Loading: Ce
Loading: Cl-
Loading: Cr
Loading: Dy
Loading: EU
Loading: EU3
Loading: Er
Loading: F
Loading: FE
Loading: FE2
Loading: GD3
Loading: H3O+
Loading: HE+
Loading: HG
Loading: HZ+
Loading: Hf
Loading: IN
Loading: IOD
Loading: K
Loading: K+
Loading: LA
Loading: LI
Loading: LU
Loading: MG
Loading: MN
Loading: NA
Loading: NH4
Loading: NI
Loading: Na+
Loading: Nd
Loading: PB
Loading: PD
Loading: PR
Loading: PT
Loading: Pu
Loading: RB
Loading: Ra
Loading: SM
Loading: SR
Loading: Sm
Loading: Sn
Loading: TB
Loading: TL
Loading: Th
Loading: Tl
Loading: Tm
Loading: U4+
Loading: V2+
Loading: Y
Loading: YB2
Loading: ZN
Loading: Zr
>> loadOff solvents.lib
Loading library: ${HPC_WORKSPACE}/miniconda3/envs/mdprep/dat/leap/lib/solvents.lib
Loading: CHCL3BOX
Loading: DC4
Loading: FB3
Loading: FB3BOX
Loading: FB4
Loading: FB4BOX
Loading: MEOHBOX
Loading: NMABOX
Loading: O3P
Loading: OP3
Loading: OPC
Loading: OPC3BOX
Loading: OPC3POLBOX
Loading: OPCBOX
Loading: PL3
Loading: POL3BOX
Loading: QSPCFWBOX
Loading: SPC
Loading: SPCBOX
Loading: SPCFWBOX
Loading: SPF
Loading: SPG
Loading: T4E
Loading: TIP3PBOX
Loading: TIP3PFBOX
Loading: TIP4PBOX
Loading: TIP4PEWBOX
Loading: TIP5PBOX
Loading: TP3
Loading: TP4
Loading: TP5
Loading: TPF
>> HOH = TP3
>> WAT = TP3
>> loadAmberParams frcmod.tip3p
Loading parameters: ${HPC_WORKSPACE}/miniconda3/envs/mdprep/dat/leap/parm/frcmod.tip3p
Reading force field modification type file (frcmod)
Reading title:
This is the additional/replacement parameter set for TIP3P water
>> loadAmberParams frcmod.ions1lm_126_tip3p
Loading parameters: ${HPC_WORKSPACE}/miniconda3/envs/mdprep/dat/leap/parm/frcmod.ions1lm_126_tip3p
Reading force field modification type file (frcmod)
Reading title:
Li/Merz ion parameters of monovalent ions for TIP3P water model (12-6 normal usage set)
>> loadAmberParams frcmod.ionsjc_tip3p
Loading parameters: ${HPC_WORKSPACE}/miniconda3/envs/mdprep/dat/leap/parm/frcmod.ionsjc_tip3p
Reading force field modification type file (frcmod)
Reading title:
Monovalent ion parameters for Ewald and TIP3P water from Joung & Cheatham JPCB (2008)
>> loadAmberParams frcmod.ions234lm_126_tip3p
Loading parameters: ${HPC_WORKSPACE}/miniconda3/envs/mdprep/dat/leap/parm/frcmod.ions234lm_126_tip3p
Reading force field modification type file (frcmod)
Reading title:
Li/Merz ion parameters of divalent to tetravalent ions for TIP3P water model (12-6 normal usage set)
>> 
> 
> 
> loadAmberParams ../input/cofactors_params/frcmod.phos
Loading parameters: ../input/cofactors_params/frcmod.phos
Reading force field modification type file (frcmod)
Reading title:
#  Modifications to the AMBER94 force field for polyphosphates
(UNKNOWN ATOM TYPE: O3)
> loadAmberPrep   ../input/cofactors_params/GTP.prep
Loading Prep file: ../input/cofactors_params/GTP.prep
(UNKNOWN ATOM TYPE: O3)
(UNKNOWN ATOM TYPE: O3)
(UNKNOWN ATOM TYPE: O3)
Loaded UNIT: gtp
> loadAmberPrep   ../input/cofactors_params/GDP.prep
Loading Prep file: ../input/cofactors_params/GDP.prep
(UNKNOWN ATOM TYPE: O3)
(UNKNOWN ATOM TYPE: O3)
(UNKNOWN ATOM TYPE: O3)
Loaded UNIT: gdp
> 
> cof = loadpdb cofactors_gtp_gdp_mg_bryce.pdb
Loading PDB file: ./cofactors_gtp_gdp_mg_bryce.pdb
 (starting new molecule for chain B)
Matching PDB residue names to LEaP variables.

${HPC_WORKSPACE}/miniconda3/envs/mdprep/bin/teLeap: Warning!
One sided connection. Residue (MG) missing connect0 atom.
Created a new atom named: O5' within residue: .R<gdp 503>
Created a new atom named: C5' within residue: .R<gdp 503>
Created a new atom named: C4' within residue: .R<gdp 503>
Created a new atom named: O4' within residue: .R<gdp 503>
Created a new atom named: C3' within residue: .R<gdp 503>
Created a new atom named: O3' within residue: .R<gdp 503>
Created a new atom named: C2' within residue: .R<gdp 503>
Created a new atom named: O2' within residue: .R<gdp 503>
Created a new atom named: C1' within residue: .R<gdp 503>
  Added missing heavy atom: .R<gdp 503>.A<C1* 16>
  Added missing heavy atom: .R<gdp 503>.A<O4* 15>
  Added missing heavy atom: .R<gdp 503>.A<C2* 35>
  Added missing heavy atom: .R<gdp 503>.A<C4* 13>
  Added missing heavy atom: .R<gdp 503>.A<C3* 33>
  Added missing heavy atom: .R<gdp 503>.A<O2* 37>
  Added missing heavy atom: .R<gdp 503>.A<C5* 10>
  Added missing heavy atom: .R<gdp 503>.A<O3* 39>
  Added missing heavy atom: .R<gdp 503>.A<O5* 9>
  total atoms in file: 61
  Leap added 33 missing atoms according to residue templates:
       9 Heavy
       24 H / lone pairs
  The file contained 9 atoms not in residue templates
> check cof
Checking 'cof'....

${HPC_WORKSPACE}/miniconda3/envs/mdprep/bin/teLeap: Warning!
The unperturbed charge of the unit (-5.000000) is not zero.
FATAL:  Atom .R<gdp 503>.A<O5' 41> does not have a type.
FATAL:  Atom .R<gdp 503>.A<C5' 42> does not have a type.
FATAL:  Atom .R<gdp 503>.A<C4' 43> does not have a type.
FATAL:  Atom .R<gdp 503>.A<O4' 44> does not have a type.
FATAL:  Atom .R<gdp 503>.A<C3' 45> does not have a type.
FATAL:  Atom .R<gdp 503>.A<O3' 46> does not have a type.
FATAL:  Atom .R<gdp 503>.A<C2' 47> does not have a type.
FATAL:  Atom .R<gdp 503>.A<O2' 48> does not have a type.
FATAL:  Atom .R<gdp 503>.A<C1' 49> does not have a type.

${HPC_WORKSPACE}/miniconda3/envs/mdprep/bin/teLeap: Warning!
Close contact of 0.635 angstroms between nonbonded atoms H3* and O3'
-------  .R<gdp 503>.A<H3* 40> and .R<gdp 503>.A<O3' 46>

${HPC_WORKSPACE}/miniconda3/envs/mdprep/bin/teLeap: Warning!
Close contact of 1.236 angstroms between nonbonded atoms O3* and O3'
-------  .R<gdp 503>.A<O3* 39> and .R<gdp 503>.A<O3' 46>

${HPC_WORKSPACE}/miniconda3/envs/mdprep/bin/teLeap: Warning!
Close contact of 1.094 angstroms between nonbonded atoms H2* and C2'
-------  .R<gdp 503>.A<H2* 38> and .R<gdp 503>.A<C2' 47>

${HPC_WORKSPACE}/miniconda3/envs/mdprep/bin/teLeap: Warning!
Close contact of 1.218 angstroms between nonbonded atoms H2* and O2'
-------  .R<gdp 503>.A<H2* 38> and .R<gdp 503>.A<O2' 48>

${HPC_WORKSPACE}/miniconda3/envs/mdprep/bin/teLeap: Warning!
Close contact of 0.677 angstroms between nonbonded atoms O2* and C2'
-------  .R<gdp 503>.A<O2* 37> and .R<gdp 503>.A<C2' 47>

${HPC_WORKSPACE}/miniconda3/envs/mdprep/bin/teLeap: Warning!
Close contact of 0.783 angstroms between nonbonded atoms O2* and O2'
-------  .R<gdp 503>.A<O2* 37> and .R<gdp 503>.A<O2' 48>

${HPC_WORKSPACE}/miniconda3/envs/mdprep/bin/teLeap: Warning!
Close contact of 1.210 angstroms between nonbonded atoms H20 and C3'
-------  .R<gdp 503>.A<H20 36> and .R<gdp 503>.A<C3' 45>

${HPC_WORKSPACE}/miniconda3/envs/mdprep/bin/teLeap: Warning!
Close contact of 1.024 angstroms between nonbonded atoms C2* and C3'
-------  .R<gdp 503>.A<C2* 35> and .R<gdp 503>.A<C3' 45>

${HPC_WORKSPACE}/miniconda3/envs/mdprep/bin/teLeap: Warning!
Close contact of 0.874 angstroms between nonbonded atoms C2* and C2'
-------  .R<gdp 503>.A<C2* 35> and .R<gdp 503>.A<C2' 47>

${HPC_WORKSPACE}/miniconda3/envs/mdprep/bin/teLeap: Warning!
Close contact of 1.474 angstroms between nonbonded atoms C2* and C1'
-------  .R<gdp 503>.A<C2* 35> and .R<gdp 503>.A<C1' 49>

${HPC_WORKSPACE}/miniconda3/envs/mdprep/bin/teLeap: Warning!
Close contact of 1.024 angstroms between nonbonded atoms H30 and C4'
-------  .R<gdp 503>.A<H30 34> and .R<gdp 503>.A<C4' 43>

${HPC_WORKSPACE}/miniconda3/envs/mdprep/bin/teLeap: Warning!
Close contact of 0.755 angstroms between nonbonded atoms C3* and C4'
-------  .R<gdp 503>.A<C3* 33> and .R<gdp 503>.A<C4' 43>

${HPC_WORKSPACE}/miniconda3/envs/mdprep/bin/teLeap: Warning!
Close contact of 1.252 angstroms between nonbonded atoms C3* and C3'
-------  .R<gdp 503>.A<C3* 33> and .R<gdp 503>.A<C3' 45>

${HPC_WORKSPACE}/miniconda3/envs/mdprep/bin/teLeap: Warning!
Close contact of 1.485 angstroms between nonbonded atoms N9 and C1'
-------  .R<gdp 503>.A<N9 18> and .R<gdp 503>.A<C1' 49>

${HPC_WORKSPACE}/miniconda3/envs/mdprep/bin/teLeap: Warning!
Close contact of 1.179 angstroms between nonbonded atoms H10 and C1'
-------  .R<gdp 503>.A<H10 17> and .R<gdp 503>.A<C1' 49>

${HPC_WORKSPACE}/miniconda3/envs/mdprep/bin/teLeap: Warning!
Close contact of 0.092 angstroms between nonbonded atoms C1* and C1'
-------  .R<gdp 503>.A<C1* 16> and .R<gdp 503>.A<C1' 49>

${HPC_WORKSPACE}/miniconda3/envs/mdprep/bin/teLeap: Warning!
Close contact of 1.068 angstroms between nonbonded atoms O4* and O4'
-------  .R<gdp 503>.A<O4* 15> and .R<gdp 503>.A<O4' 44>

${HPC_WORKSPACE}/miniconda3/envs/mdprep/bin/teLeap: Warning!
Close contact of 1.405 angstroms between nonbonded atoms O4* and C1'
-------  .R<gdp 503>.A<O4* 15> and .R<gdp 503>.A<C1' 49>

${HPC_WORKSPACE}/miniconda3/envs/mdprep/bin/teLeap: Warning!
Close contact of 1.335 angstroms between nonbonded atoms C4* and C4'
-------  .R<gdp 503>.A<C4* 13> and .R<gdp 503>.A<C4' 43>

${HPC_WORKSPACE}/miniconda3/envs/mdprep/bin/teLeap: Warning!
Close contact of 1.128 angstroms between nonbonded atoms C4* and O4'
-------  .R<gdp 503>.A<C4* 13> and .R<gdp 503>.A<O4' 44>

${HPC_WORKSPACE}/miniconda3/envs/mdprep/bin/teLeap: Warning!
Close contact of 1.151 angstroms between nonbonded atoms H51 and O5'
-------  .R<gdp 503>.A<H51 12> and .R<gdp 503>.A<O5' 41>

${HPC_WORKSPACE}/miniconda3/envs/mdprep/bin/teLeap: Warning!
Close contact of 1.142 angstroms between nonbonded atoms O5* and C5'
-------  .R<gdp 503>.A<O5* 9> and .R<gdp 503>.A<C5' 42>

${HPC_WORKSPACE}/miniconda3/envs/mdprep/bin/teLeap: Warning!
Close contact of 1.425 angstroms between nonbonded atoms O5' and C5'
-------  .R<gdp 503>.A<O5' 41> and .R<gdp 503>.A<C5' 42>

${HPC_WORKSPACE}/miniconda3/envs/mdprep/bin/teLeap: Warning!
Close contact of 1.428 angstroms between nonbonded atoms C4' and O4'
-------  .R<gdp 503>.A<C4' 43> and .R<gdp 503>.A<O4' 44>

${HPC_WORKSPACE}/miniconda3/envs/mdprep/bin/teLeap: Warning!
Close contact of 1.429 angstroms between nonbonded atoms O4' and C1'
-------  .R<gdp 503>.A<O4' 44> and .R<gdp 503>.A<C1' 49>

${HPC_WORKSPACE}/miniconda3/envs/mdprep/bin/teLeap: Warning!
Close contact of 1.430 angstroms between nonbonded atoms C3' and O3'
-------  .R<gdp 503>.A<C3' 45> and .R<gdp 503>.A<O3' 46>

${HPC_WORKSPACE}/miniconda3/envs/mdprep/bin/teLeap: Warning!
Close contact of 1.430 angstroms between nonbonded atoms C2' and O2'
-------  .R<gdp 503>.A<C2' 47> and .R<gdp 503>.A<O2' 48>
Checking parameters for unit 'cof'.
Checking for bond parameters.
Checking for angle parameters.
check:  Errors:  9   Warnings: 28
> charge cof
Total unperturbed charge:  -5.000000
Total perturbed charge:    -5.000000
> quit
	Quit

Exiting LEaP: Errors = 0; Warnings = 29; Notes = 0.
log started: Thu Apr 16 22:33:58 2026

Log file: ./leap.log
>> #
>> # ----- leaprc for loading the ff14SB force field
>> # ----- NOTE: this is designed for PDB format 3!
>> #
>> #	load atom type hybridizations
>> #
>> addAtomTypes {
>> 	{ "H"   "H" "sp3" }
>> 	{ "HO"  "H" "sp3" }
>> 	{ "HS"  "H" "sp3" }
>> 	{ "H1"  "H" "sp3" }
>> 	{ "H2"  "H" "sp3" }
>> 	{ "H3"  "H" "sp3" }
>> 	{ "H4"  "H" "sp3" }
>> 	{ "H5"  "H" "sp3" }
>> 	{ "HW"  "H" "sp3" }
>> 	{ "HC"  "H" "sp3" }
>> 	{ "HA"  "H" "sp3" }
>> 	{ "HP"  "H" "sp3" }
>> 	{ "HZ"  "H" "sp3" }
>> 	{ "OH"  "O" "sp3" }
>> 	{ "OS"  "O" "sp3" }
>> 	{ "O"   "O" "sp2" }
>> 	{ "O2"  "O" "sp2" }
>> 	{ "OP"  "O" "sp2" }
>> 	{ "OW"  "O" "sp3" }
>> 	{ "CT"  "C" "sp3" }
>> 	{ "CX"  "C" "sp3" }
>> 	{ "C8"  "C" "sp3" }
>> 	{ "2C"  "C" "sp3" }
>> 	{ "3C"  "C" "sp3" }
>> 	{ "CH"  "C" "sp3" }
>> 	{ "CS"  "C" "sp2" }
>> 	{ "C"   "C" "sp2" }
>> 	{ "CO"   "C" "sp2" }
>> 	{ "C*"  "C" "sp2" }
>> 	{ "CA"  "C" "sp2" }
>> 	{ "CB"  "C" "sp2" }
>> 	{ "CC"  "C" "sp2" }
>> 	{ "CN"  "C" "sp2" }
>> 	{ "CM"  "C" "sp2" }
>> 	{ "CK"  "C" "sp2" }
>> 	{ "CQ"  "C" "sp2" }
>> 	{ "CD"  "C" "sp2" }
>> 	{ "C5"  "C" "sp2" }
>> 	{ "C4"  "C" "sp2" }
>> 	{ "CP"  "C" "sp2" }
>> 	{ "CI"  "C" "sp3" }
>> 	{ "CJ"  "C" "sp2" }
>> 	{ "CW"  "C" "sp2" }
>> 	{ "CV"  "C" "sp2" }
>> 	{ "CR"  "C" "sp2" }
>> 	{ "CA"  "C" "sp2" }
>> 	{ "CY"  "C" "sp2" }
>> 	{ "C0"  "Ca" "sp3" }
>> 	{ "MG"  "Mg" "sp3" }
>> 	{ "N"   "N" "sp2" }
>> 	{ "NA"  "N" "sp2" }
>> 	{ "N2"  "N" "sp2" }
>> 	{ "N*"  "N" "sp2" }
>> 	{ "NP"  "N" "sp2" }
>> 	{ "NQ"  "N" "sp2" }
>> 	{ "NB"  "N" "sp2" }
>> 	{ "NC"  "N" "sp2" }
>> 	{ "NT"  "N" "sp3" }
>> 	{ "NY"  "N" "sp2" }
>> 	{ "N3"  "N" "sp3" }
>> 	{ "S"   "S" "sp3" }
>> 	{ "SH"  "S" "sp3" }
>> 	{ "P"   "P" "sp3" }
>> 	{ "LP"  ""  "sp3" }
>> 	{ "EP"  ""  "sp3" }
>> 	{ "F"   "F" "sp3" }
>> 	{ "Cl"  "Cl" "sp3" }
>> 	{ "Br"  "Br" "sp3" }
>> 	{ "I"   "I"  "sp3" }
>> }
>> #
>> #	Load the main parameter set.
>> #
>> parm10 = loadamberparams parm10.dat
Loading parameters: ${HPC_WORKSPACE}/miniconda3/envs/mdprep/dat/leap/parm/parm10.dat
Reading title:
PARM99 + frcmod.ff99SB + frcmod.parmbsc0 + OL3 for RNA
>> frcmod14SB = loadamberparams frcmod.ff14SB
Loading parameters: ${HPC_WORKSPACE}/miniconda3/envs/mdprep/dat/leap/parm/frcmod.ff14SB
Reading force field modification type file (frcmod)
Reading title:
ff14SB protein backbone and sidechain parameters
>> #
>> #	Load main chain and terminating amino acid libraries
>> #
>> loadOff amino12.lib
Loading library: ${HPC_WORKSPACE}/miniconda3/envs/mdprep/dat/leap/lib/amino12.lib
Loading: ALA
Loading: ARG
Loading: ASH
Loading: ASN
Loading: ASP
Loading: CYM
Loading: CYS
Loading: CYX
Loading: GLH
Loading: GLN
Loading: GLU
Loading: GLY
Loading: HID
Loading: HIE
Loading: HIP
Loading: HYP
Loading: ILE
Loading: LEU
Loading: LYN
Loading: LYS
Loading: MET
Loading: PHE
Loading: PRO
Loading: SER
Loading: THR
Loading: TRP
Loading: TYR
Loading: VAL
>> loadOff aminoct12.lib
Loading library: ${HPC_WORKSPACE}/miniconda3/envs/mdprep/dat/leap/lib/aminoct12.lib
Loading: CALA
Loading: CARG
Loading: CASN
Loading: CASP
Loading: CCYS
Loading: CCYX
Loading: CGLN
Loading: CGLU
Loading: CGLY
Loading: CHID
Loading: CHIE
Loading: CHIP
Loading: CHYP
Loading: CILE
Loading: CLEU
Loading: CLYS
Loading: CMET
Loading: CPHE
Loading: CPRO
Loading: CSER
Loading: CTHR
Loading: CTRP
Loading: CTYR
Loading: CVAL
Loading: NHE
Loading: NME
>> loadOff aminont12.lib
Loading library: ${HPC_WORKSPACE}/miniconda3/envs/mdprep/dat/leap/lib/aminont12.lib
Loading: ACE
Loading: NALA
Loading: NARG
Loading: NASN
Loading: NASP
Loading: NCYS
Loading: NCYX
Loading: NGLN
Loading: NGLU
Loading: NGLY
Loading: NHID
Loading: NHIE
Loading: NHIP
Loading: NILE
Loading: NLEU
Loading: NLYS
Loading: NMET
Loading: NPHE
Loading: NPRO
Loading: NSER
Loading: NTHR
Loading: NTRP
Loading: NTYR
Loading: NVAL
>> 
>> #
>> #	Define the PDB name map for the amino acids
>> #
>> addPdbResMap {
>>   { 0 "HYP" "HYP" } { 1 "HYP" "CHYP" }
>>   { 0 "ALA" "NALA" } { 1 "ALA" "CALA" }
>>   { 0 "ARG" "NARG" } { 1 "ARG" "CARG" }
>>   { 0 "ASN" "NASN" } { 1 "ASN" "CASN" }
>>   { 0 "ASP" "NASP" } { 1 "ASP" "CASP" }
>>   { 0 "CYS" "NCYS" } { 1 "CYS" "CCYS" }
>>   { 0 "CYX" "NCYX" } { 1 "CYX" "CCYX" }
>>   { 0 "GLN" "NGLN" } { 1 "GLN" "CGLN" }
>>   { 0 "GLU" "NGLU" } { 1 "GLU" "CGLU" }
>>   { 0 "GLY" "NGLY" } { 1 "GLY" "CGLY" }
>>   { 0 "HID" "NHID" } { 1 "HID" "CHID" }
>>   { 0 "HIE" "NHIE" } { 1 "HIE" "CHIE" }
>>   { 0 "HIP" "NHIP" } { 1 "HIP" "CHIP" }
>>   { 0 "ILE" "NILE" } { 1 "ILE" "CILE" }
>>   { 0 "LEU" "NLEU" } { 1 "LEU" "CLEU" }
>>   { 0 "LYS" "NLYS" } { 1 "LYS" "CLYS" }
>>   { 0 "MET" "NMET" } { 1 "MET" "CMET" }
>>   { 0 "PHE" "NPHE" } { 1 "PHE" "CPHE" }
>>   { 0 "PRO" "NPRO" } { 1 "PRO" "CPRO" }
>>   { 0 "SER" "NSER" } { 1 "SER" "CSER" }
>>   { 0 "THR" "NTHR" } { 1 "THR" "CTHR" }
>>   { 0 "TRP" "NTRP" } { 1 "TRP" "CTRP" }
>>   { 0 "TYR" "NTYR" } { 1 "TYR" "CTYR" }
>>   { 0 "VAL" "NVAL" } { 1 "VAL" "CVAL" }
>>   { 0 "HIS" "NHIS" } { 1 "HIS" "CHIS" }
>> }
>> 
>> #
>> # assume that most often proteins use HIE
>> #
>> NHIS = NHIE
>> HIS = HIE
>> CHIS = CHIE
> 
> source leaprc.water.tip3p
----- Source: ${HPC_WORKSPACE}/miniconda3/envs/mdprep/dat/leap/cmd/leaprc.water.tip3p
----- Source of ${HPC_WORKSPACE}/miniconda3/envs/mdprep/dat/leap/cmd/leaprc.water.tip3p done
>> #
>> #       Load water and ions for TIP3P + Li/Merz monovalent ions 
>> #       + Joung-Chetham monovalent ions
>> #       + Li/Merz highly charged ions (+2 to +4, 12-6 normal usage set)
>> #
>> #       Note: the Li/Merz monovalent set is loaded only to get Tl+,
>> #          Cu+, Ag+ NH4+, H3O+.  Since we load Joung-Cheatham second,
>> #          the alkali halide parameters come from the Joung-Cheatham set
>> #
>> addAtomTypes {
>> 	{ "HW"  "H" "sp3" }
>> 	{ "OW"  "O" "sp3" }
>> 	{ "F-"   "F" "sp3" }
>> 	{ "Cl-"  "Cl" "sp3" }
>> 	{ "Br-"  "Br" "sp3" }
>> 	{ "I-"   "I"  "sp3" }
>> 	{ "Li+"  "Li"  "sp3" }
>> 	{ "Na+"  "Na"  "sp3" }
>> 	{ "K+"  "K"  "sp3" }
>> 	{ "Rb+"  "Rb"  "sp3" }
>> 	{ "Cs+"  "Cs"  "sp3" }
>> 	{ "Mg+"  "Mg"  "sp3" }
>>     { "Tl+"  "Tl"  "sp3" }
>>     { "Cu+"  "Cu"  "sp3" }
>>     { "Ag+"  "Ag"  "sp3" }
>>     { "NH4+"  "N"  "sp3" }
>>     { "H3O+"  "O"  "sp3" }
>>     { "Be2+" "Be"  "sp3" }
>>     { "Cu2+" "Cu"  "sp3" }
>>     { "Ni2+" "Ni"  "sp3" }
>>     { "Pt2+" "Pt"  "sp3" }
>>     { "Zn2+" "Zn"  "sp3" }
>>     { "Co2+" "Co"  "sp3" }
>>     { "Pd2+" "Pd"  "sp3" }
>>     { "Ag2+" "Ag"  "sp3" }
>>     { "Cr2+" "Cr"  "sp3" }
>>     { "Fe2+" "Fe"  "sp3" }
>>     { "Mg2+" "Mg"  "sp3" }
>>     { "V2+"  "V"   "sp3" }
>>     { "Mn2+" "Mn"  "sp3" }
>>     { "Hg2+" "Hg"  "sp3" }
>>     { "Cd2+" "Cd"  "sp3" }
>>     { "Yb2+" "Yb"  "sp3" }
>>     { "Ca2+" "Ca"  "sp3" }
>>     { "Sn2+" "Sn"  "sp3" }
>>     { "Pb2+" "Pb"  "sp3" }
>>     { "Eu2+" "Eu"  "sp3" }
>>     { "Sr2+" "Sr"  "sp3" }
>>     { "Sm2+" "Sm"  "sp3" }
>>     { "Ba2+" "Ba"  "sp3" }
>>     { "Ra2+" "Ra"  "sp3" }
>>     { "Al3+" "Al"  "sp3" }
>>     { "Fe3+" "Fe"  "sp3" }
>>     { "Cr3+" "Cr"  "sp3" }
>>     { "In3+" "In"  "sp3" }
>>     { "Tl3+" "Tl"  "sp3" }
>>     { "Y3+"  "Y"   "sp3" }
>>     { "La3+" "La"  "sp3" }
>>     { "Ce3+" "Ce"  "sp3" }
>>     { "Pr3+" "Pr"  "sp3" }
>>     { "Nd3+" "Nd"  "sp3" }
>>     { "Sm3+" "Sm"  "sp3" }
>>     { "Eu3+" "Eu"  "sp3" }
>>     { "Gd3+" "Gd"  "sp3" }
>>     { "Tb3+" "Tb"  "sp3" }
>>     { "Dy3+" "Dy"  "sp3" }
>>     { "Er3+" "Er"  "sp3" }
>>     { "Tm3+" "Tm"  "sp3" }
>>     { "Lu3+" "Lu"  "sp3" }
>>     { "Hf4+" "Hf"  "sp3" }
>>     { "Zr4+" "Zr"  "sp3" }
>>     { "Ce4+" "Ce"  "sp3" }
>>     { "U4+"  "U"   "sp3" }
>>     { "Pu4+" "Pu"  "sp3" }
>>     { "Th4+" "Th"  "sp3" }
>> }
>> loadOff atomic_ions.lib
Loading library: ${HPC_WORKSPACE}/miniconda3/envs/mdprep/dat/leap/lib/atomic_ions.lib
Loading: AG
Loading: AL
Loading: Ag
Loading: BA
Loading: BR
Loading: Be
Loading: CA
Loading: CD
Loading: CE
Loading: CL
Loading: CO
Loading: CR
Loading: CS
Loading: CU
Loading: CU1
Loading: Ce
Loading: Cl-
Loading: Cr
Loading: Dy
Loading: EU
Loading: EU3
Loading: Er
Loading: F
Loading: FE
Loading: FE2
Loading: GD3
Loading: H3O+
Loading: HE+
Loading: HG
Loading: HZ+
Loading: Hf
Loading: IN
Loading: IOD
Loading: K
Loading: K+
Loading: LA
Loading: LI
Loading: LU
Loading: MG
Loading: MN
Loading: NA
Loading: NH4
Loading: NI
Loading: Na+
Loading: Nd
Loading: PB
Loading: PD
Loading: PR
Loading: PT
Loading: Pu
Loading: RB
Loading: Ra
Loading: SM
Loading: SR
Loading: Sm
Loading: Sn
Loading: TB
Loading: TL
Loading: Th
Loading: Tl
Loading: Tm
Loading: U4+
Loading: V2+
Loading: Y
Loading: YB2
Loading: ZN
Loading: Zr
>> loadOff solvents.lib
Loading library: ${HPC_WORKSPACE}/miniconda3/envs/mdprep/dat/leap/lib/solvents.lib
Loading: CHCL3BOX
Loading: DC4
Loading: FB3
Loading: FB3BOX
Loading: FB4
Loading: FB4BOX
Loading: MEOHBOX
Loading: NMABOX
Loading: O3P
Loading: OP3
Loading: OPC
Loading: OPC3BOX
Loading: OPC3POLBOX
Loading: OPCBOX
Loading: PL3
Loading: POL3BOX
Loading: QSPCFWBOX
Loading: SPC
Loading: SPCBOX
Loading: SPCFWBOX
Loading: SPF
Loading: SPG
Loading: T4E
Loading: TIP3PBOX
Loading: TIP3PFBOX
Loading: TIP4PBOX
Loading: TIP4PEWBOX
Loading: TIP5PBOX
Loading: TP3
Loading: TP4
Loading: TP5
Loading: TPF
>> HOH = TP3
>> WAT = TP3
>> loadAmberParams frcmod.tip3p
Loading parameters: ${HPC_WORKSPACE}/miniconda3/envs/mdprep/dat/leap/parm/frcmod.tip3p
Reading force field modification type file (frcmod)
Reading title:
This is the additional/replacement parameter set for TIP3P water
>> loadAmberParams frcmod.ions1lm_126_tip3p
Loading parameters: ${HPC_WORKSPACE}/miniconda3/envs/mdprep/dat/leap/parm/frcmod.ions1lm_126_tip3p
Reading force field modification type file (frcmod)
Reading title:
Li/Merz ion parameters of monovalent ions for TIP3P water model (12-6 normal usage set)
>> loadAmberParams frcmod.ionsjc_tip3p
Loading parameters: ${HPC_WORKSPACE}/miniconda3/envs/mdprep/dat/leap/parm/frcmod.ionsjc_tip3p
Reading force field modification type file (frcmod)
Reading title:
Monovalent ion parameters for Ewald and TIP3P water from Joung & Cheatham JPCB (2008)
>> loadAmberParams frcmod.ions234lm_126_tip3p
Loading parameters: ${HPC_WORKSPACE}/miniconda3/envs/mdprep/dat/leap/parm/frcmod.ions234lm_126_tip3p
Reading force field modification type file (frcmod)
Reading title:
Li/Merz ion parameters of divalent to tetravalent ions for TIP3P water model (12-6 normal usage set)
>> 
> 
> 
> loadAmberParams ../input/cofactors_params/frcmod.phos
Loading parameters: ../input/cofactors_params/frcmod.phos
Reading force field modification type file (frcmod)
Reading title:
#  Modifications to the AMBER94 force field for polyphosphates
(UNKNOWN ATOM TYPE: O3)
> loadAmberPrep   ../input/cofactors_params/GTP.prep
Loading Prep file: ../input/cofactors_params/GTP.prep
(UNKNOWN ATOM TYPE: O3)
(UNKNOWN ATOM TYPE: O3)
(UNKNOWN ATOM TYPE: O3)
Loaded UNIT: gtp
> loadAmberPrep   ../input/cofactors_params/GDP.prep
Loading Prep file: ../input/cofactors_params/GDP.prep
(UNKNOWN ATOM TYPE: O3)
(UNKNOWN ATOM TYPE: O3)
(UNKNOWN ATOM TYPE: O3)
Loaded UNIT: gdp
> 
> cof = loadpdb cofactors_gtp_gdp_mg_bryce2.pdb
Loading PDB file: ./cofactors_gtp_gdp_mg_bryce2.pdb
 (starting new molecule for chain B)
Matching PDB residue names to LEaP variables.

${HPC_WORKSPACE}/miniconda3/envs/mdprep/bin/teLeap: Warning!
One sided connection. Residue (MG) missing connect0 atom.
  total atoms in file: 61
  Leap added 24 missing atoms according to residue templates:
       24 H / lone pairs
> check cof
Checking 'cof'....

${HPC_WORKSPACE}/miniconda3/envs/mdprep/bin/teLeap: Warning!
The unperturbed charge of the unit (-5.000000) is not zero.
Checking parameters for unit 'cof'.
Checking for bond parameters.
Checking for angle parameters.
check:  Warnings: 1
Unit is OK.
> charge cof
Total unperturbed charge:  -5.000000
Total perturbed charge:    -5.000000
> quit
	Quit

Exiting LEaP: Errors = 0; Warnings = 2; Notes = 0.
